customer,external_id,sku,unit,alternative_name
Aftab Printing,C-1003,KRAFT-120,tonnes,چاپ آفتاب
Aftab Printing,C-1003,BOARD-300,tonnes,چاپ آفتاب
Aftab Printing,C-1003,FOOD-110,tonnes,چاپ آفتاب
Aftab Printing,C-1003,SPECIAL-090,tonnes,چاپ آفتاب
Caspian Export,C-1004,KRAFT-120,tonnes,بازرگانی کاسپین
Caspian Export,C-1004,BOARD-300,tonnes,بازرگانی کاسپین
Caspian Export,C-1004,FOOD-110,tonnes,بازرگانی کاسپین
Caspian Export,C-1004,SPECIAL-090,tonnes,بازرگانی کاسپین
Mehr Packaging,C-1001,KRAFT-120,tonnes,بسته‌بندی مهر
Mehr Packaging,C-1001,BOARD-300,tonnes,بسته‌بندی مهر
Mehr Packaging,C-1001,FOOD-110,tonnes,بسته‌بندی مهر
Mehr Packaging,C-1001,SPECIAL-090,tonnes,بسته‌بندی مهر
Negin Retail,C-1005,BOARD-300,tonnes,توزیع نگین
Negin Retail,C-1005,FOOD-110,tonnes,توزیع نگین
Simin Foods,C-1002,KRAFT-120,tonnes,صنایع غذایی سیمین
Simin Foods,C-1002,BOARD-300,tonnes,صنایع غذایی سیمین
Simin Foods,C-1002,FOOD-110,tonnes,صنایع غذایی سیمین
Simin Foods,C-1002,SPECIAL-090,tonnes,صنایع غذایی سیمین
