reference,customer,sku,unit,due_date,ordered,fulfilled,cancelled,status
G-1-KRAFT-120-1,Mehr Packaging,KRAFT-120,tonnes,2026-10-15,57.096,6.852,0,confirmed
G-1-KRAFT-120-2,Mehr Packaging,KRAFT-120,tonnes,2026-11-15,138.662,0,0,confirmed
G-1-KRAFT-120-3,Mehr Packaging,KRAFT-120,tonnes,2026-12-15,57.096,0,0,confirmed
G-1-KRAFT-120-4,Mehr Packaging,KRAFT-120,tonnes,2027-01-15,57.096,0,0,confirmed
G-1-KRAFT-120-5,Mehr Packaging,KRAFT-120,tonnes,2027-02-15,57.096,0,0,confirmed
G-1-KRAFT-120-6,Mehr Packaging,KRAFT-120,tonnes,2027-03-15,57.096,0,0,confirmed
G-QUOTE-1-KRAFT-120,Mehr Packaging,KRAFT-120,tonnes,2026-10-21,12,0,0,unconfirmed
G-1-BOARD-300-1,Mehr Packaging,BOARD-300,tonnes,2026-10-15,46.08,5.53,0,confirmed
G-1-BOARD-300-2,Mehr Packaging,BOARD-300,tonnes,2026-11-15,111.909,0,0,confirmed
G-1-BOARD-300-3,Mehr Packaging,BOARD-300,tonnes,2026-12-15,46.08,0,0,confirmed
G-1-BOARD-300-4,Mehr Packaging,BOARD-300,tonnes,2027-01-15,46.08,0,0,confirmed
G-1-BOARD-300-5,Mehr Packaging,BOARD-300,tonnes,2027-02-15,46.08,0,0,confirmed
G-1-BOARD-300-6,Mehr Packaging,BOARD-300,tonnes,2027-03-15,46.08,0,0,confirmed
G-QUOTE-1-BOARD-300,Mehr Packaging,BOARD-300,tonnes,2026-10-21,12,0,0,unconfirmed
G-1-FOOD-110-1,Mehr Packaging,FOOD-110,tonnes,2026-10-15,30.89,3.707,0,confirmed
G-1-FOOD-110-2,Mehr Packaging,FOOD-110,tonnes,2026-11-15,75.018,0,0,confirmed
G-1-FOOD-110-3,Mehr Packaging,FOOD-110,tonnes,2026-12-15,30.89,0,0,confirmed
G-1-FOOD-110-4,Mehr Packaging,FOOD-110,tonnes,2027-01-15,30.89,0,0,confirmed
G-1-FOOD-110-5,Mehr Packaging,FOOD-110,tonnes,2027-02-15,30.89,0,0,confirmed
G-1-FOOD-110-6,Mehr Packaging,FOOD-110,tonnes,2027-03-15,30.89,0,0,confirmed
G-QUOTE-1-FOOD-110,Mehr Packaging,FOOD-110,tonnes,2026-10-21,12,0,0,unconfirmed
G-1-SPECIAL-090-1,Mehr Packaging,SPECIAL-090,tonnes,2026-10-15,12.953,1.554,0,confirmed
G-1-SPECIAL-090-2,Mehr Packaging,SPECIAL-090,tonnes,2026-11-15,31.458,0,0,confirmed
G-1-SPECIAL-090-3,Mehr Packaging,SPECIAL-090,tonnes,2026-12-15,12.953,0,0,confirmed
G-1-SPECIAL-090-4,Mehr Packaging,SPECIAL-090,tonnes,2027-01-15,12.953,0,0,confirmed
G-1-SPECIAL-090-5,Mehr Packaging,SPECIAL-090,tonnes,2027-02-15,12.953,0,0,confirmed
G-1-SPECIAL-090-6,Mehr Packaging,SPECIAL-090,tonnes,2027-03-15,12.953,0,0,confirmed
G-QUOTE-1-SPECIAL-090,Mehr Packaging,SPECIAL-090,tonnes,2026-10-21,12,0,0,unconfirmed
G-2-KRAFT-120-1,Simin Foods,KRAFT-120,tonnes,2026-10-15,33.025,3.963,0,confirmed
G-2-KRAFT-120-3,Simin Foods,KRAFT-120,tonnes,2026-12-15,33.025,0,0,confirmed
G-2-KRAFT-120-5,Simin Foods,KRAFT-120,tonnes,2027-02-15,33.025,0,0,confirmed
G-QUOTE-2-KRAFT-120,Simin Foods,KRAFT-120,tonnes,2026-10-21,12,0,0,unconfirmed
G-2-BOARD-300-1,Simin Foods,BOARD-300,tonnes,2026-10-15,20.549,2.466,0,confirmed
G-2-BOARD-300-3,Simin Foods,BOARD-300,tonnes,2026-12-15,20.549,0,0,confirmed
G-2-BOARD-300-5,Simin Foods,BOARD-300,tonnes,2027-02-15,20.549,0,0,confirmed
G-QUOTE-2-BOARD-300,Simin Foods,BOARD-300,tonnes,2026-10-21,12,0,0,unconfirmed
G-2-FOOD-110-1,Simin Foods,FOOD-110,tonnes,2026-10-15,15.188,1.823,0,confirmed
G-2-FOOD-110-3,Simin Foods,FOOD-110,tonnes,2026-12-15,15.188,0,0,confirmed
G-2-FOOD-110-5,Simin Foods,FOOD-110,tonnes,2027-02-15,15.188,0,0,confirmed
G-QUOTE-2-FOOD-110,Simin Foods,FOOD-110,tonnes,2026-10-21,12,0,0,unconfirmed
G-2-SPECIAL-090-1,Simin Foods,SPECIAL-090,tonnes,2026-10-15,6.384,0.766,0,confirmed
G-2-SPECIAL-090-3,Simin Foods,SPECIAL-090,tonnes,2026-12-15,6.384,0,0,confirmed
G-2-SPECIAL-090-5,Simin Foods,SPECIAL-090,tonnes,2027-02-15,6.384,0,0,confirmed
G-QUOTE-2-SPECIAL-090,Simin Foods,SPECIAL-090,tonnes,2026-10-21,12,0,0,unconfirmed
G-4-KRAFT-120-1,Caspian Export,KRAFT-120,tonnes,2026-10-15,52.872,6.345,0,confirmed
G-4-KRAFT-120-2,Caspian Export,KRAFT-120,tonnes,2026-11-15,52.872,0,0,confirmed
G-4-KRAFT-120-3,Caspian Export,KRAFT-120,tonnes,2026-12-15,52.872,0,4.23,confirmed
G-4-KRAFT-120-4,Caspian Export,KRAFT-120,tonnes,2027-01-15,52.872,0,0,confirmed
G-4-KRAFT-120-5,Caspian Export,KRAFT-120,tonnes,2027-02-15,52.872,0,0,confirmed
G-4-KRAFT-120-6,Caspian Export,KRAFT-120,tonnes,2027-03-15,52.872,0,0,confirmed
G-QUOTE-4-KRAFT-120,Caspian Export,KRAFT-120,tonnes,2026-10-21,12,0,0,unconfirmed
G-4-BOARD-300-1,Caspian Export,BOARD-300,tonnes,2026-10-15,36.97,4.436,0,confirmed
G-4-BOARD-300-2,Caspian Export,BOARD-300,tonnes,2026-11-15,36.97,0,0,confirmed
G-4-BOARD-300-3,Caspian Export,BOARD-300,tonnes,2026-12-15,36.97,0,2.958,confirmed
G-4-BOARD-300-4,Caspian Export,BOARD-300,tonnes,2027-01-15,36.97,0,0,confirmed
G-4-BOARD-300-5,Caspian Export,BOARD-300,tonnes,2027-02-15,36.97,0,0,confirmed
G-4-BOARD-300-6,Caspian Export,BOARD-300,tonnes,2027-03-15,36.97,0,0,confirmed
G-QUOTE-4-BOARD-300,Caspian Export,BOARD-300,tonnes,2026-10-21,12,0,0,unconfirmed
G-4-FOOD-110-1,Caspian Export,FOOD-110,tonnes,2026-10-15,27.926,3.351,0,confirmed
G-4-FOOD-110-2,Caspian Export,FOOD-110,tonnes,2026-11-15,27.926,0,0,confirmed
G-4-FOOD-110-3,Caspian Export,FOOD-110,tonnes,2026-12-15,27.926,0,2.234,confirmed
G-4-FOOD-110-4,Caspian Export,FOOD-110,tonnes,2027-01-15,27.926,0,0,confirmed
G-4-FOOD-110-5,Caspian Export,FOOD-110,tonnes,2027-02-15,27.926,0,0,confirmed
G-4-FOOD-110-6,Caspian Export,FOOD-110,tonnes,2027-03-15,27.926,0,0,confirmed
G-QUOTE-4-FOOD-110,Caspian Export,FOOD-110,tonnes,2026-10-21,12,0,0,unconfirmed
G-4-SPECIAL-090-1,Caspian Export,SPECIAL-090,tonnes,2026-10-15,12.33,1.48,0,confirmed
G-4-SPECIAL-090-2,Caspian Export,SPECIAL-090,tonnes,2026-11-15,12.33,0,0,confirmed
G-4-SPECIAL-090-3,Caspian Export,SPECIAL-090,tonnes,2026-12-15,12.33,0,0.986,confirmed
G-4-SPECIAL-090-4,Caspian Export,SPECIAL-090,tonnes,2027-01-15,12.33,0,0,confirmed
G-4-SPECIAL-090-5,Caspian Export,SPECIAL-090,tonnes,2027-02-15,12.33,0,0,confirmed
G-4-SPECIAL-090-6,Caspian Export,SPECIAL-090,tonnes,2027-03-15,12.33,0,0,confirmed
G-QUOTE-4-SPECIAL-090,Caspian Export,SPECIAL-090,tonnes,2026-10-21,12,0,0,unconfirmed
G-5-BOARD-300-1,Negin Retail,BOARD-300,tonnes,2026-10-15,16.472,1.977,0,confirmed
G-5-BOARD-300-2,Negin Retail,BOARD-300,tonnes,2026-11-15,16.472,0,0,confirmed
G-QUOTE-5-BOARD-300,Negin Retail,BOARD-300,tonnes,2026-10-21,12,0,0,unconfirmed
G-5-FOOD-110-1,Negin Retail,FOOD-110,tonnes,2026-10-15,12.186,1.462,0,confirmed
G-5-FOOD-110-2,Negin Retail,FOOD-110,tonnes,2026-11-15,12.186,0,0,confirmed
G-QUOTE-5-FOOD-110,Negin Retail,FOOD-110,tonnes,2026-10-21,12,0,0,unconfirmed
G-CANCELLED,Mehr Packaging,KRAFT-120,tonnes,2026-10-12,18,0,18,cancelled
