date,customer,sku,qty
2023-10-01,Demo customer 001,0001,0.0
2023-11-01,Demo customer 001,0001,19.062
2023-12-01,Demo customer 001,0001,19.659
2024-01-01,Demo customer 001,0001,0.0
2024-02-01,Demo customer 001,0001,0.0
2024-03-01,Demo customer 001,0001,0.0
2024-04-01,Demo customer 001,0001,0.0
2024-05-01,Demo customer 001,0001,0.0
2024-06-01,Demo customer 001,0001,0.0
2024-07-01,Demo customer 001,0001,0.0
2024-08-01,Demo customer 001,0001,0.0
2024-09-01,Demo customer 001,0001,0.0
2024-10-01,Demo customer 001,0001,0.0
2024-11-01,Demo customer 001,0001,17.935
2024-12-01,Demo customer 001,0001,0.0
2025-01-01,Demo customer 001,0001,0.0
2025-02-01,Demo customer 001,0001,0.0
2025-03-01,Demo customer 001,0001,0.0
2025-04-01,Demo customer 001,0001,0.0
2025-05-01,Demo customer 001,0001,0.0
2025-06-01,Demo customer 001,0001,0.0
2025-07-01,Demo customer 001,0001,0.0
2025-08-01,Demo customer 001,0001,0.0
2025-09-01,Demo customer 001,0001,14.896
2025-10-01,Demo customer 001,0001,17.307
2025-11-01,Demo customer 001,0001,19.383
2025-12-01,Demo customer 001,0001,0.0
2026-01-01,Demo customer 001,0001,0.0
2026-02-01,Demo customer 001,0001,18.63
2026-03-01,Demo customer 001,0001,0.0
2026-04-01,Demo customer 001,0001,0.0
2026-05-01,Demo customer 001,0001,10.977
2026-06-01,Demo customer 001,0001,0.0
2026-07-01,Demo customer 001,0001,0.0
2026-08-01,Demo customer 001,0001,0.0
2026-09-01,Demo customer 001,0001,10.172
2023-10-01,Demo customer 001,0002,38.687
2023-11-01,Demo customer 001,0002,44.24
2023-12-01,Demo customer 001,0002,46.451
2024-01-01,Demo customer 001,0002,49.202
2024-02-01,Demo customer 001,0002,50.157
2024-03-01,Demo customer 001,0002,39.795
2024-04-01,Demo customer 001,0002,42.044
2024-05-01,Demo customer 001,0002,34.875
2024-06-01,Demo customer 001,0002,36.604
2024-07-01,Demo customer 001,0002,29.725
2024-08-01,Demo customer 001,0002,37.536
2024-09-01,Demo customer 001,0002,36.574
2024-10-01,Demo customer 001,0002,41.958
2024-11-01,Demo customer 001,0002,44.921
2024-12-01,Demo customer 001,0002,50.096
2025-01-01,Demo customer 001,0002,56.057
2025-02-01,Demo customer 001,0002,53.459
2025-03-01,Demo customer 001,0002,36.85
2025-04-01,Demo customer 001,0002,45.651
2025-05-01,Demo customer 001,0002,34.706
2025-06-01,Demo customer 001,0002,36.02
2025-07-01,Demo customer 001,0002,38.508
2025-08-01,Demo customer 001,0002,32.623
2025-09-01,Demo customer 001,0002,41.115
2025-10-01,Demo customer 001,0002,46.601
2025-11-01,Demo customer 001,0002,46.25
2025-12-01,Demo customer 001,0002,54.341
2026-01-01,Demo customer 001,0002,52.763
2026-02-01,Demo customer 001,0002,51.066
2026-03-01,Demo customer 001,0002,40.444
2026-04-01,Demo customer 001,0002,45.049
2026-05-01,Demo customer 001,0002,39.626
2026-06-01,Demo customer 001,0002,37.735
2026-07-01,Demo customer 001,0002,39.509
2026-08-01,Demo customer 001,0002,35.287
2026-09-01,Demo customer 001,0002,34.916
2023-10-01,Demo customer 002,0001,58.536
2023-11-01,Demo customer 002,0001,65.447
2023-12-01,Demo customer 002,0001,71.875
2024-01-01,Demo customer 002,0001,72.817
2024-02-01,Demo customer 002,0001,72.049
2024-03-01,Demo customer 002,0001,61.113
2024-04-01,Demo customer 002,0001,60.731
2024-05-01,Demo customer 002,0001,58.975
2024-06-01,Demo customer 002,0001,50.298
2024-07-01,Demo customer 002,0001,39.521
2024-08-01,Demo customer 002,0001,52.132
2024-09-01,Demo customer 002,0001,55.575
2024-10-01,Demo customer 002,0001,58.647
2024-11-01,Demo customer 002,0001,70.568
2024-12-01,Demo customer 002,0001,78.917
2025-01-01,Demo customer 002,0001,78.329
2025-02-01,Demo customer 002,0001,76.391
2025-03-01,Demo customer 002,0001,55.277
2025-04-01,Demo customer 002,0001,59.298
2025-05-01,Demo customer 002,0001,46.784
2025-06-01,Demo customer 002,0001,54.623
2025-07-01,Demo customer 002,0001,53.048
2025-08-01,Demo customer 002,0001,57.042
2025-09-01,Demo customer 002,0001,60.31
2025-10-01,Demo customer 002,0001,61.023
2025-11-01,Demo customer 002,0001,68.215
2025-12-01,Demo customer 002,0001,84.327
2026-01-01,Demo customer 002,0001,74.971
2026-02-01,Demo customer 002,0001,75.581
2026-03-01,Demo customer 002,0001,51.313
2026-04-01,Demo customer 002,0001,65.479
2026-05-01,Demo customer 002,0001,52.842
2026-06-01,Demo customer 002,0001,61.11
2026-07-01,Demo customer 002,0001,46.073
2026-08-01,Demo customer 002,0001,53.862
2026-09-01,Demo customer 002,0001,56.61
2023-10-01,Demo customer 002,0002,11.801
2023-11-01,Demo customer 002,0002,12.169
2023-12-01,Demo customer 002,0002,14.964
2024-01-01,Demo customer 002,0002,14.011
2024-02-01,Demo customer 002,0002,13.275
2024-03-01,Demo customer 002,0002,10.328
2024-04-01,Demo customer 002,0002,10.68
2024-05-01,Demo customer 002,0002,11.399
2024-06-01,Demo customer 002,0002,9.056
2024-07-01,Demo customer 002,0002,9.054
2024-08-01,Demo customer 002,0002,10.478
2024-09-01,Demo customer 002,0002,11.873
2024-10-01,Demo customer 002,0002,11.872
2024-11-01,Demo customer 002,0002,14.574
2024-12-01,Demo customer 002,0002,11.432
2025-01-01,Demo customer 002,0002,15.03
2025-02-01,Demo customer 002,0002,15.712
2025-03-01,Demo customer 002,0002,10.572
2025-04-01,Demo customer 002,0002,13.626
2025-05-01,Demo customer 002,0002,11.137
2025-06-01,Demo customer 002,0002,9.569
2025-07-01,Demo customer 002,0002,11.072
2025-08-01,Demo customer 002,0002,10.383
2025-09-01,Demo customer 002,0002,11.398
2025-10-01,Demo customer 002,0002,12.898
2025-11-01,Demo customer 002,0002,14.183
2025-12-01,Demo customer 002,0002,14.613
2026-01-01,Demo customer 002,0002,13.055
2026-02-01,Demo customer 002,0002,13.829
2026-03-01,Demo customer 002,0002,10.599
2026-04-01,Demo customer 002,0002,13.41
2026-05-01,Demo customer 002,0002,9.695
2026-06-01,Demo customer 002,0002,11.317
2026-07-01,Demo customer 002,0002,10.493
2026-08-01,Demo customer 002,0002,9.773
2026-09-01,Demo customer 002,0002,10.512
