period,value,published
2023-07-31,100,2023-08-05
2023-08-31,101,2023-09-05
2023-09-30,102,2023-10-05
2023-10-31,103,2023-11-05
2023-11-30,104,2023-12-05
2023-12-31,105,2024-01-05
2024-01-31,106,2024-02-05
2024-02-29,107,2024-03-05
2024-03-31,108,2024-04-05
2024-04-30,109,2024-05-05
2024-05-31,110,2024-06-05
2024-06-30,111,2024-07-05
2024-07-31,112,2024-08-05
2024-08-31,113,2024-09-05
2024-09-30,114,2024-10-05
2024-10-31,115,2024-11-05
2024-11-30,116,2024-12-05
2024-12-31,117,2025-01-05
2025-01-31,118,2025-02-05
2025-02-28,119,2025-03-05
2025-03-31,120,2025-04-05
2025-04-30,121,2025-05-05
2025-05-31,122,2025-06-05
2025-06-30,123,2025-07-05
2025-07-31,124,2025-08-05
2025-08-31,125,2025-09-05
2025-09-30,126,2025-10-05
2025-10-31,127,2025-11-05
2025-11-30,128,2025-12-05
2025-12-31,129,2026-01-05
2026-01-31,130,2026-02-05
2026-02-28,131,2026-03-05
2026-03-31,132,2026-04-05
2026-04-30,133,2026-05-05
2026-05-31,134,2026-06-05
2026-06-30,135,2026-07-05
2026-07-31,136,2026-08-05
2026-08-31,139,2026-09-05
