date,series_id,sku,product_name,category,customer,site,province,warehouse,production_line,supplier,inventory_on_hand_tonnes,safety_stock_tonnes,lead_time_days,monthly_capacity_tonnes,unit_cost_irr,service_level_target,selling_price_irr_per_tonne,customer_orders_index,open_orders_tonnes,backlog_tonnes,maintenance_hours,promotion_index,usd_irr_synthetic,iran_cpi_yoy_synthetic,producer_price_index_synthetic,industrial_production_index_synthetic,global_pulp_price_usd_synthetic,qazvin_temperature_c_synthetic,energy_curtailment_hours_synthetic,import_lead_time_days_synthetic,supplier_fill_rate_synthetic,logistics_cost_index_synthetic,working_days,event_code,event_severity
2026-09-01,PKG-KRAFT-120 · Domestic,PKG-KRAFT-120,Kraft liner 120gsm,Packaging paper,Domestic,Qazvin Manufacturing Site,Qazvin,Qazvin Finished Goods,Paper line A,Mixed domestic/imported supply,210.0,79.9,54.6,178.1,775486300,0.93,1062310000,116.4,34.7,2.3,9.1,0.039,573930,45.9,259.1,101.2,841.6,18.8,5.1,51.5,0.964,114.5,26,BACK_TO_BUSINESS,32
2026-09-01,PKG-BOARD-300 · Domestic,PKG-BOARD-300,Folding boxboard 300gsm,Packaging board,Domestic,Qazvin Manufacturing Site,Qazvin,Qazvin Finished Goods,Board line,Mixed domestic/imported supply,207.5,86.7,61.4,138.8,815206330,0.93,1116721000,117.0,28.5,2.1,9.4,0.031,573930,45.9,259.1,101.2,841.6,18.8,5.1,51.5,0.964,114.5,26,BACK_TO_BUSINESS,32
2026-09-01,PKG-BOARD-350 · Export,PKG-BOARD-350,Folding boxboard 350gsm,Packaging board,Export,Qazvin Manufacturing Site,Qazvin,Qazvin Finished Goods,Board line,Mixed domestic/imported supply,109.3,68.3,50.4,119.4,854926360,0.96,1171132000,113.2,25.0,1.8,8.1,0.037,573930,45.9,259.1,101.2,841.6,18.8,5.1,51.5,0.964,114.5,26,BACK_TO_BUSINESS,32
2026-09-01,OFF-UWF-080 · Domestic,OFF-UWF-080,Uncoated woodfree 80gsm,Writing paper,Domestic,Qazvin Manufacturing Site,Qazvin,Qazvin Finished Goods,Paper line B,Mixed domestic/imported supply,191.8,133.8,56.0,232.1,894646390,0.93,1225543000,109.4,42.3,3.0,3.0,0.036,573930,45.9,259.1,101.2,841.6,18.8,5.1,51.5,0.964,114.5,26,BACK_TO_BUSINESS,32
2026-09-01,OFF-UWF-070 · Public sector,OFF-UWF-070,Uncoated woodfree 70gsm,Writing paper,Public sector,Qazvin Manufacturing Site,Qazvin,Qazvin Finished Goods,Paper line B,Mixed domestic/imported supply,179.5,69.3,61.3,130.7,934366420,0.93,1279954000,116.1,32.6,2.0,2.6,0.006,573930,45.9,259.1,101.2,841.6,18.8,5.1,51.5,0.964,114.5,26,BACK_TO_BUSINESS,32
2026-09-01,COA-ART-135 · Domestic,COA-ART-135,Coated art paper 135gsm,Commercial print,Domestic,Qazvin Manufacturing Site,Qazvin,Qazvin Finished Goods,Coating line,Mixed domestic/imported supply,168.5,64.1,48.5,123.8,974086450,0.93,1334365000,111.4,20.2,1.5,6.6,0.03,573930,45.9,259.1,101.2,841.6,18.8,5.1,51.5,0.964,114.5,26,BACK_TO_BUSINESS,32
2026-09-01,COA-ART-170 · Domestic,COA-ART-170,Coated art paper 170gsm,Commercial print,Domestic,Qazvin Manufacturing Site,Qazvin,Qazvin Finished Goods,Coating line,Mixed domestic/imported supply,90.3,43.6,45.1,93.1,1013806480,0.93,1388776000,114.3,16.0,1.4,7.7,0.039,573930,45.9,259.1,101.2,841.6,18.8,5.1,51.5,0.964,114.5,26,BACK_TO_BUSINESS,32
2026-09-01,LBL-STOCK-090 · FMCG,LBL-STOCK-090,Label stock 90gsm,Labels,FMCG,Qazvin Manufacturing Site,Qazvin,Qazvin Finished Goods,Coating line,Mixed domestic/imported supply,114.4,48.3,53.8,93.6,1053526510,0.96,1443187000,116.9,18.8,1.3,7.2,0.056,573930,45.9,259.1,101.2,841.6,18.8,5.1,51.5,0.964,114.5,26,BACK_TO_BUSINESS,32
2026-09-01,IND-CORE-250 · Domestic,IND-CORE-250,Industrial core board,Industrial,Domestic,Qazvin Manufacturing Site,Qazvin,Qazvin Finished Goods,Board line,Mixed domestic/imported supply,112.2,62.8,54.2,113.0,1093246540,0.93,1497598000,114.3,23.4,1.7,6.9,0.043,573930,45.9,259.1,101.2,841.6,18.8,5.1,51.5,0.964,114.5,26,BACK_TO_BUSINESS,32
2026-09-01,FOD-GRADE-110 · FMCG,FOD-GRADE-110,Food-grade paper 110gsm,Food packaging,FMCG,Qazvin Manufacturing Site,Qazvin,Qazvin Finished Goods,Paper line A,Mixed domestic/imported supply,145.7,60.9,58.7,124.7,1132966570,0.96,1552009000,111.9,28.4,2.3,5.9,0.037,573930,45.9,259.1,101.2,841.6,18.8,5.1,51.5,0.964,114.5,26,BACK_TO_BUSINESS,32
2026-09-01,NCR-SET-080 · Public sector,NCR-SET-080,NCR forms 80gsm,Specialty,Public sector,Qazvin Manufacturing Site,Qazvin,Qazvin Finished Goods,Specialty line,Mixed domestic/imported supply,55.6,32.9,45.6,54.0,1172686600,0.93,1606420000,112.3,9.4,0.7,7.0,0.011,573930,45.9,259.1,101.2,841.6,18.8,5.1,51.5,0.964,114.5,26,BACK_TO_BUSINESS,32
2026-09-01,EXP-KRAFT-140 · Export,EXP-KRAFT-140,Export kraft 140gsm,Packaging paper,Export,Qazvin Manufacturing Site,Qazvin,Qazvin Finished Goods,Paper line A,Mixed domestic/imported supply,109.6,49.6,48.4,91.6,1212406630,0.96,1660831000,114.7,20.0,1.4,8.3,0.033,573930,45.9,259.1,101.2,841.6,18.8,5.1,51.5,0.964,114.5,26,BACK_TO_BUSINESS,32
2026-10-01,PKG-KRAFT-120 · Domestic,PKG-KRAFT-120,Kraft liner 120gsm,Packaging paper,Domestic,Qazvin Manufacturing Site,Qazvin,Qazvin Finished Goods,Paper line A,Mixed domestic/imported supply,234.3,78.5,58.5,185.1,790750600,0.93,1083220000,103.3,34.5,3.1,4.5,0.051,647714,50.8,264.2,101.4,845.5,11.6,0.0,51.0,0.962,113.9,26,FX_PRESSURE,66
2026-10-01,PKG-BOARD-300 · Domestic,PKG-BOARD-300,Folding boxboard 300gsm,Packaging board,Domestic,Qazvin Manufacturing Site,Qazvin,Qazvin Finished Goods,Board line,Mixed domestic/imported supply,200.0,65.0,53.9,140.6,831252460,0.93,1138702000,101.8,28.5,2.0,6.0,0.042,647714,50.8,264.2,101.4,845.5,11.6,0.0,51.0,0.962,113.9,26,FX_PRESSURE,66
2026-10-01,PKG-BOARD-350 · Export,PKG-BOARD-350,Folding boxboard 350gsm,Packaging board,Export,Qazvin Manufacturing Site,Qazvin,Qazvin Finished Goods,Board line,Mixed domestic/imported supply,156.5,52.6,53.7,105.2,871754320,0.96,1194184000,110.3,26.4,2.1,5.0,0.038,647714,50.8,264.2,101.4,845.5,11.6,0.0,51.0,0.962,113.9,26,FX_PRESSURE,66
2026-10-01,OFF-UWF-080 · Domestic,OFF-UWF-080,Uncoated woodfree 80gsm,Writing paper,Domestic,Qazvin Manufacturing Site,Qazvin,Qazvin Finished Goods,Paper line B,Mixed domestic/imported supply,270.3,103.7,56.7,214.6,912256180,0.93,1249666000,103.8,38.9,2.7,7.3,0.029,647714,50.8,264.2,101.4,845.5,11.6,0.0,51.0,0.962,113.9,26,FX_PRESSURE,66
2026-10-01,OFF-UWF-070 · Public sector,OFF-UWF-070,Uncoated woodfree 70gsm,Writing paper,Public sector,Qazvin Manufacturing Site,Qazvin,Qazvin Finished Goods,Paper line B,Mixed domestic/imported supply,179.4,60.6,48.5,128.0,952758040,0.93,1305148000,101.6,20.9,1.3,10.2,0.057,647714,50.8,264.2,101.4,845.5,11.6,0.0,51.0,0.962,113.9,26,FX_PRESSURE,66
2026-10-01,COA-ART-135 · Domestic,COA-ART-135,Coated art paper 135gsm,Commercial print,Domestic,Qazvin Manufacturing Site,Qazvin,Qazvin Finished Goods,Coating line,Mixed domestic/imported supply,152.1,76.8,60.5,124.3,993259900,0.93,1360630000,99.2,20.2,1.6,8.6,0.054,647714,50.8,264.2,101.4,845.5,11.6,0.0,51.0,0.962,113.9,26,FX_PRESSURE,66
2026-10-01,COA-ART-170 · Domestic,COA-ART-170,Coated art paper 170gsm,Commercial print,Domestic,Qazvin Manufacturing Site,Qazvin,Qazvin Finished Goods,Coating line,Mixed domestic/imported supply,97.4,48.8,47.9,110.0,1033761760,0.93,1416112000,102.0,20.2,1.8,9.6,0.029,647714,50.8,264.2,101.4,845.5,11.6,0.0,51.0,0.962,113.9,26,FX_PRESSURE,66
2026-10-01,LBL-STOCK-090 · FMCG,LBL-STOCK-090,Label stock 90gsm,Labels,FMCG,Qazvin Manufacturing Site,Qazvin,Qazvin Finished Goods,Coating line,Mixed domestic/imported supply,81.9,54.9,51.3,100.2,1074263620,0.96,1471594000,105.6,17.6,1.2,8.0,0.07,647714,50.8,264.2,101.4,845.5,11.6,0.0,51.0,0.962,113.9,26,FX_PRESSURE,66
2026-10-01,IND-CORE-250 · Domestic,IND-CORE-250,Industrial core board,Industrial,Domestic,Qazvin Manufacturing Site,Qazvin,Qazvin Finished Goods,Board line,Mixed domestic/imported supply,130.0,63.6,59.1,99.3,1114765480,0.93,1527076000,102.1,17.2,1.2,7.1,0.043,647714,50.8,264.2,101.4,845.5,11.6,0.0,51.0,0.962,113.9,26,FX_PRESSURE,66
2026-10-01,FOD-GRADE-110 · FMCG,FOD-GRADE-110,Food-grade paper 110gsm,Food packaging,FMCG,Qazvin Manufacturing Site,Qazvin,Qazvin Finished Goods,Paper line A,Mixed domestic/imported supply,132.6,63.3,49.6,121.3,1155267340,0.96,1582558000,102.9,21.2,1.5,6.9,0.042,647714,50.8,264.2,101.4,845.5,11.6,0.0,51.0,0.962,113.9,26,FX_PRESSURE,66
2026-10-01,NCR-SET-080 · Public sector,NCR-SET-080,NCR forms 80gsm,Specialty,Public sector,Qazvin Manufacturing Site,Qazvin,Qazvin Finished Goods,Specialty line,Mixed domestic/imported supply,63.9,26.9,60.1,56.8,1195769200,0.93,1638040000,103.3,12.8,0.9,7.5,0.035,647714,50.8,264.2,101.4,845.5,11.6,0.0,51.0,0.962,113.9,26,FX_PRESSURE,66
2026-10-01,EXP-KRAFT-140 · Export,EXP-KRAFT-140,Export kraft 140gsm,Packaging paper,Export,Qazvin Manufacturing Site,Qazvin,Qazvin Finished Goods,Paper line A,Mixed domestic/imported supply,78.1,41.9,54.8,83.6,1236271060,0.96,1693522000,106.7,20.0,1.6,7.7,0.048,647714,50.8,264.2,101.4,845.5,11.6,0.0,51.0,0.962,113.9,26,FX_PRESSURE,66
2026-11-01,PKG-KRAFT-120 · Domestic,PKG-KRAFT-120,Kraft liner 120gsm,Packaging paper,Domestic,Qazvin Manufacturing Site,Qazvin,Qazvin Finished Goods,Paper line A,Mixed domestic/imported supply,189.9,93.2,76.1,185.3,806314200,0.93,1104540000,99.8,36.3,9.0,5.8,0.0,583478,45.5,269.4,101.6,847.6,5.5,0.0,79.2,0.839,125.4,26,IMPORT_DELAY,61
2026-11-01,PKG-BOARD-300 · Domestic,PKG-BOARD-300,Folding boxboard 300gsm,Packaging board,Domestic,Qazvin Manufacturing Site,Qazvin,Qazvin Finished Goods,Board line,Mixed domestic/imported supply,128.0,84.5,75.6,162.6,847613220,0.93,1161114000,102.0,23.3,8.9,1.1,0.025,583478,45.5,269.4,101.6,847.6,5.5,0.0,79.2,0.839,125.4,26,IMPORT_DELAY,61
2026-11-01,PKG-BOARD-350 · Export,PKG-BOARD-350,Folding boxboard 350gsm,Packaging board,Export,Qazvin Manufacturing Site,Qazvin,Qazvin Finished Goods,Board line,Mixed domestic/imported supply,151.6,59.7,69.2,111.0,888912240,0.96,1217688000,107.0,27.6,10.4,7.5,0.03,583478,45.5,269.4,101.6,847.6,5.5,0.0,79.2,0.839,125.4,26,IMPORT_DELAY,61
2026-11-01,OFF-UWF-080 · Domestic,OFF-UWF-080,Uncoated woodfree 80gsm,Writing paper,Domestic,Qazvin Manufacturing Site,Qazvin,Qazvin Finished Goods,Paper line B,Mixed domestic/imported supply,257.5,112.8,75.0,228.6,930211260,0.93,1274262000,100.0,43.2,15.0,8.4,0.041,583478,45.5,269.4,101.6,847.6,5.5,0.0,79.2,0.839,125.4,26,IMPORT_DELAY,61
2026-11-01,OFF-UWF-070 · Public sector,OFF-UWF-070,Uncoated woodfree 70gsm,Writing paper,Public sector,Qazvin Manufacturing Site,Qazvin,Qazvin Finished Goods,Paper line B,Mixed domestic/imported supply,170.1,63.5,91.5,138.5,971510280,0.93,1330836000,98.7,17.8,6.5,4.0,0.064,583478,45.5,269.4,101.6,847.6,5.5,0.0,79.2,0.839,125.4,26,IMPORT_DELAY,61
2026-11-01,COA-ART-135 · Domestic,COA-ART-135,Coated art paper 135gsm,Commercial print,Domestic,Qazvin Manufacturing Site,Qazvin,Qazvin Finished Goods,Coating line,Mixed domestic/imported supply,131.0,64.3,72.4,126.6,1012809300,0.93,1387410000,98.5,22.9,7.1,7.3,0.019,583478,45.5,269.4,101.6,847.6,5.5,0.0,79.2,0.839,125.4,26,IMPORT_DELAY,61
2026-11-01,COA-ART-170 · Domestic,COA-ART-170,Coated art paper 170gsm,Commercial print,Domestic,Qazvin Manufacturing Site,Qazvin,Qazvin Finished Goods,Coating line,Mixed domestic/imported supply,126.2,45.3,80.5,103.0,1054108320,0.93,1443984000,95.5,20.0,7.2,8.2,0.004,583478,45.5,269.4,101.6,847.6,5.5,0.0,79.2,0.839,125.4,26,IMPORT_DELAY,61
2026-11-01,LBL-STOCK-090 · FMCG,LBL-STOCK-090,Label stock 90gsm,Labels,FMCG,Qazvin Manufacturing Site,Qazvin,Qazvin Finished Goods,Coating line,Mixed domestic/imported supply,98.9,54.2,77.8,95.0,1095407340,0.96,1500558000,97.3,17.4,4.5,4.3,0.034,583478,45.5,269.4,101.6,847.6,5.5,0.0,79.2,0.839,125.4,26,IMPORT_DELAY,61
2026-11-01,IND-CORE-250 · Domestic,IND-CORE-250,Industrial core board,Industrial,Domestic,Qazvin Manufacturing Site,Qazvin,Qazvin Finished Goods,Board line,Mixed domestic/imported supply,127.1,52.5,88.7,97.6,1136706360,0.93,1557132000,99.3,23.6,7.9,4.2,0.027,583478,45.5,269.4,101.6,847.6,5.5,0.0,79.2,0.839,125.4,26,IMPORT_DELAY,61
2026-11-01,FOD-GRADE-110 · FMCG,FOD-GRADE-110,Food-grade paper 110gsm,Food packaging,FMCG,Qazvin Manufacturing Site,Qazvin,Qazvin Finished Goods,Paper line A,Mixed domestic/imported supply,114.9,71.6,84.5,116.0,1178005380,0.96,1613706000,102.1,18.2,6.8,7.9,0.063,583478,45.5,269.4,101.6,847.6,5.5,0.0,79.2,0.839,125.4,26,IMPORT_DELAY,61
2026-11-01,NCR-SET-080 · Public sector,NCR-SET-080,NCR forms 80gsm,Specialty,Public sector,Qazvin Manufacturing Site,Qazvin,Qazvin Finished Goods,Specialty line,Mixed domestic/imported supply,70.0,30.1,70.2,55.1,1219304400,0.93,1670280000,100.5,12.2,4.7,6.0,0.05,583478,45.5,269.4,101.6,847.6,5.5,0.0,79.2,0.839,125.4,26,IMPORT_DELAY,61
2026-11-01,EXP-KRAFT-140 · Export,EXP-KRAFT-140,Export kraft 140gsm,Packaging paper,Export,Qazvin Manufacturing Site,Qazvin,Qazvin Finished Goods,Paper line A,Mixed domestic/imported supply,121.9,53.2,78.1,84.6,1260603420,0.96,1726854000,109.0,13.0,3.6,4.5,0.051,583478,45.5,269.4,101.6,847.6,5.5,0.0,79.2,0.839,125.4,26,IMPORT_DELAY,61
2026-12-01,PKG-KRAFT-120 · Domestic,PKG-KRAFT-120,Kraft liner 120gsm,Packaging paper,Domestic,Qazvin Manufacturing Site,Qazvin,Qazvin Finished Goods,Paper line A,Mixed domestic/imported supply,195.7,88.4,44.4,172.5,821877800,0.93,1125860000,103.8,41.5,4.4,5.2,0.067,589627,45.1,274.6,101.9,847.9,2.3,0.0,49.3,0.956,112.9,26,NORMAL,8
2026-12-01,PKG-BOARD-300 · Domestic,PKG-BOARD-300,Folding boxboard 300gsm,Packaging board,Domestic,Qazvin Manufacturing Site,Qazvin,Qazvin Finished Goods,Board line,Mixed domestic/imported supply,143.1,88.9,47.4,140.8,863973980,0.93,1183526000,102.0,31.3,2.7,8.2,0.035,589627,45.1,274.6,101.9,847.9,2.3,0.0,49.3,0.956,112.9,26,NORMAL,8
2026-12-01,PKG-BOARD-350 · Export,PKG-BOARD-350,Folding boxboard 350gsm,Packaging board,Export,Qazvin Manufacturing Site,Qazvin,Qazvin Finished Goods,Board line,Mixed domestic/imported supply,110.1,61.8,42.6,118.2,906070160,0.96,1241192000,100.6,15.1,1.3,4.1,0.032,589627,45.1,274.6,101.9,847.9,2.3,0.0,49.3,0.956,112.9,26,NORMAL,8
2026-12-01,OFF-UWF-080 · Domestic,OFF-UWF-080,Uncoated woodfree 80gsm,Writing paper,Domestic,Qazvin Manufacturing Site,Qazvin,Qazvin Finished Goods,Paper line B,Mixed domestic/imported supply,194.1,105.3,57.2,209.0,948166340,0.93,1298858000,98.3,47.8,4.1,2.7,0.055,589627,45.1,274.6,101.9,847.9,2.3,0.0,49.3,0.956,112.9,26,NORMAL,8
2026-12-01,OFF-UWF-070 · Public sector,OFF-UWF-070,Uncoated woodfree 70gsm,Writing paper,Public sector,Qazvin Manufacturing Site,Qazvin,Qazvin Finished Goods,Paper line B,Mixed domestic/imported supply,168.7,83.4,50.5,134.3,990262520,0.93,1356524000,105.2,21.3,2.2,3.9,0.048,589627,45.1,274.6,101.9,847.9,2.3,0.0,49.3,0.956,112.9,26,NORMAL,8
2026-12-01,COA-ART-135 · Domestic,COA-ART-135,Coated art paper 135gsm,Commercial print,Domestic,Qazvin Manufacturing Site,Qazvin,Qazvin Finished Goods,Coating line,Mixed domestic/imported supply,118.5,63.9,43.9,121.1,1032358700,0.93,1414190000,102.7,22.4,1.8,6.7,0.031,589627,45.1,274.6,101.9,847.9,2.3,0.0,49.3,0.956,112.9,26,NORMAL,8
2026-12-01,COA-ART-170 · Domestic,COA-ART-170,Coated art paper 170gsm,Commercial print,Domestic,Qazvin Manufacturing Site,Qazvin,Qazvin Finished Goods,Coating line,Mixed domestic/imported supply,129.3,46.6,57.3,94.0,1074454880,0.93,1471856000,101.6,22.4,1.5,6.8,0.017,589627,45.1,274.6,101.9,847.9,2.3,0.0,49.3,0.956,112.9,26,NORMAL,8
2026-12-01,LBL-STOCK-090 · FMCG,LBL-STOCK-090,Label stock 90gsm,Labels,FMCG,Qazvin Manufacturing Site,Qazvin,Qazvin Finished Goods,Coating line,Mixed domestic/imported supply,100.6,46.3,56.1,98.4,1116551060,0.96,1529522000,105.5,22.3,1.8,3.7,0.055,589627,45.1,274.6,101.9,847.9,2.3,0.0,49.3,0.956,112.9,26,NORMAL,8
2026-12-01,IND-CORE-250 · Domestic,IND-CORE-250,Industrial core board,Industrial,Domestic,Qazvin Manufacturing Site,Qazvin,Qazvin Finished Goods,Board line,Mixed domestic/imported supply,95.0,63.3,46.1,110.7,1158647240,0.93,1587188000,102.1,19.2,1.5,5.7,0.076,589627,45.1,274.6,101.9,847.9,2.3,0.0,49.3,0.956,112.9,26,NORMAL,8
2026-12-01,FOD-GRADE-110 · FMCG,FOD-GRADE-110,Food-grade paper 110gsm,Food packaging,FMCG,Qazvin Manufacturing Site,Qazvin,Qazvin Finished Goods,Paper line A,Mixed domestic/imported supply,130.9,71.9,58.6,128.3,1200743420,0.96,1644854000,99.7,25.0,1.8,4.5,0.04,589627,45.1,274.6,101.9,847.9,2.3,0.0,49.3,0.956,112.9,26,NORMAL,8
2026-12-01,NCR-SET-080 · Public sector,NCR-SET-080,NCR forms 80gsm,Specialty,Public sector,Qazvin Manufacturing Site,Qazvin,Qazvin Finished Goods,Specialty line,Mixed domestic/imported supply,63.0,34.2,45.5,57.6,1242839600,0.93,1702520000,102.1,12.0,1.3,9.4,0.04,589627,45.1,274.6,101.9,847.9,2.3,0.0,49.3,0.956,112.9,26,NORMAL,8
2026-12-01,EXP-KRAFT-140 · Export,EXP-KRAFT-140,Export kraft 140gsm,Packaging paper,Export,Qazvin Manufacturing Site,Qazvin,Qazvin Finished Goods,Paper line A,Mixed domestic/imported supply,110.2,49.3,58.4,88.7,1284935780,0.96,1760186000,105.9,12.6,1.3,1.7,0.032,589627,45.1,274.6,101.9,847.9,2.3,0.0,49.3,0.956,112.9,26,NORMAL,8
2027-01-01,PKG-KRAFT-120 · Domestic,PKG-KRAFT-120,Kraft liner 120gsm,Packaging paper,Domestic,Qazvin Manufacturing Site,Qazvin,Qazvin Finished Goods,Paper line A,Mixed domestic/imported supply,243.9,92.9,53.5,194.0,837441400,0.93,1147180000,94.2,36.4,3.0,19.2,0.052,596912,44.6,279.8,102.2,846.4,2.7,32.0,48.4,0.952,112.5,24,GAS_CURTAILMENT,57
2027-01-01,PKG-BOARD-300 · Domestic,PKG-BOARD-300,Folding boxboard 300gsm,Packaging board,Domestic,Qazvin Manufacturing Site,Qazvin,Qazvin Finished Goods,Board line,Mixed domestic/imported supply,200.9,88.8,51.6,142.1,880334740,0.93,1205938000,100.6,32.7,3.4,13.4,0.038,596912,44.6,279.8,102.2,846.4,2.7,32.0,48.4,0.952,112.5,24,GAS_CURTAILMENT,57
2027-01-01,PKG-BOARD-350 · Export,PKG-BOARD-350,Folding boxboard 350gsm,Packaging board,Export,Qazvin Manufacturing Site,Qazvin,Qazvin Finished Goods,Board line,Mixed domestic/imported supply,158.2,50.1,43.9,123.5,923228080,0.96,1264696000,97.2,22.3,2.3,14.7,0.019,596912,44.6,279.8,102.2,846.4,2.7,32.0,48.4,0.952,112.5,24,GAS_CURTAILMENT,57
2027-01-01,OFF-UWF-080 · Domestic,OFF-UWF-080,Uncoated woodfree 80gsm,Writing paper,Domestic,Qazvin Manufacturing Site,Qazvin,Qazvin Finished Goods,Paper line B,Mixed domestic/imported supply,184.6,95.0,43.2,221.9,966121420,0.93,1323454000,93.8,45.3,4.3,16.5,0.034,596912,44.6,279.8,102.2,846.4,2.7,32.0,48.4,0.952,112.5,24,GAS_CURTAILMENT,57
2027-01-01,OFF-UWF-070 · Public sector,OFF-UWF-070,Uncoated woodfree 70gsm,Writing paper,Public sector,Qazvin Manufacturing Site,Qazvin,Qazvin Finished Goods,Paper line B,Mixed domestic/imported supply,151.7,71.0,42.7,143.5,1009014760,0.93,1382212000,98.3,28.8,2.6,18.5,0.048,596912,44.6,279.8,102.2,846.4,2.7,32.0,48.4,0.952,112.5,24,GAS_CURTAILMENT,57
2027-01-01,COA-ART-135 · Domestic,COA-ART-135,Coated art paper 135gsm,Commercial print,Domestic,Qazvin Manufacturing Site,Qazvin,Qazvin Finished Goods,Coating line,Mixed domestic/imported supply,158.4,68.8,41.5,121.4,1051908100,0.93,1440970000,95.5,19.7,2.1,11.6,0.0,596912,44.6,279.8,102.2,846.4,2.7,32.0,48.4,0.952,112.5,24,GAS_CURTAILMENT,57
2027-01-01,COA-ART-170 · Domestic,COA-ART-170,Coated art paper 170gsm,Commercial print,Domestic,Qazvin Manufacturing Site,Qazvin,Qazvin Finished Goods,Coating line,Mixed domestic/imported supply,135.0,57.2,57.1,101.6,1094801440,0.93,1499728000,96.6,18.5,2.1,12.4,0.021,596912,44.6,279.8,102.2,846.4,2.7,32.0,48.4,0.952,112.5,24,GAS_CURTAILMENT,57
2027-01-01,LBL-STOCK-090 · FMCG,LBL-STOCK-090,Label stock 90gsm,Labels,FMCG,Qazvin Manufacturing Site,Qazvin,Qazvin Finished Goods,Coating line,Mixed domestic/imported supply,129.6,53.0,46.7,96.8,1137694780,0.96,1558486000,97.6,18.4,1.7,13.6,0.032,596912,44.6,279.8,102.2,846.4,2.7,32.0,48.4,0.952,112.5,24,GAS_CURTAILMENT,57
2027-01-01,IND-CORE-250 · Domestic,IND-CORE-250,Industrial core board,Industrial,Domestic,Qazvin Manufacturing Site,Qazvin,Qazvin Finished Goods,Board line,Mixed domestic/imported supply,132.7,60.9,49.1,108.0,1180588120,0.93,1617244000,98.8,18.5,1.4,15.5,0.061,596912,44.6,279.8,102.2,846.4,2.7,32.0,48.4,0.952,112.5,24,GAS_CURTAILMENT,57
2027-01-01,FOD-GRADE-110 · FMCG,FOD-GRADE-110,Food-grade paper 110gsm,Food packaging,FMCG,Qazvin Manufacturing Site,Qazvin,Qazvin Finished Goods,Paper line A,Mixed domestic/imported supply,120.1,69.6,56.1,112.8,1223481460,0.96,1676002000,99.8,23.3,2.3,15.1,0.025,596912,44.6,279.8,102.2,846.4,2.7,32.0,48.4,0.952,112.5,24,GAS_CURTAILMENT,57
2027-01-01,NCR-SET-080 · Public sector,NCR-SET-080,NCR forms 80gsm,Specialty,Public sector,Qazvin Manufacturing Site,Qazvin,Qazvin Finished Goods,Specialty line,Mixed domestic/imported supply,76.6,31.7,55.9,57.9,1266374800,0.93,1734760000,99.3,10.6,1.1,15.6,0.024,596912,44.6,279.8,102.2,846.4,2.7,32.0,48.4,0.952,112.5,24,GAS_CURTAILMENT,57
2027-01-01,EXP-KRAFT-140 · Export,EXP-KRAFT-140,Export kraft 140gsm,Packaging paper,Export,Qazvin Manufacturing Site,Qazvin,Qazvin Finished Goods,Paper line A,Mixed domestic/imported supply,91.8,40.0,48.4,91.0,1309268140,0.96,1793518000,99.0,14.3,1.2,16.6,0.06,596912,44.6,279.8,102.2,846.4,2.7,32.0,48.4,0.952,112.5,24,GAS_CURTAILMENT,57
2027-02-01,PKG-KRAFT-120 · Domestic,PKG-KRAFT-120,Kraft liner 120gsm,Packaging paper,Domestic,Qazvin Manufacturing Site,Qazvin,Qazvin Finished Goods,Paper line A,Mixed domestic/imported supply,245.4,90.4,43.7,195.4,853005000,0.93,1168500000,99.0,28.8,2.4,6.5,0.017,605413,44.1,285.0,102.6,843.1,6.7,0.0,47.4,0.947,112.2,23,NORMAL,8
2027-02-01,PKG-BOARD-300 · Domestic,PKG-BOARD-300,Folding boxboard 300gsm,Packaging board,Domestic,Qazvin Manufacturing Site,Qazvin,Qazvin Finished Goods,Board line,Mixed domestic/imported supply,183.2,87.1,50.4,145.7,896695500,0.93,1228350000,101.5,32.9,2.9,3.5,0.071,605413,44.1,285.0,102.6,843.1,6.7,0.0,47.4,0.947,112.2,23,NORMAL,8
2027-02-01,PKG-BOARD-350 · Export,PKG-BOARD-350,Folding boxboard 350gsm,Packaging board,Export,Qazvin Manufacturing Site,Qazvin,Qazvin Finished Goods,Board line,Mixed domestic/imported supply,109.7,55.0,43.3,124.5,940386000,0.96,1288200000,101.9,23.8,2.7,4.6,0.042,605413,44.1,285.0,102.6,843.1,6.7,0.0,47.4,0.947,112.2,23,NORMAL,8
2027-02-01,OFF-UWF-080 · Domestic,OFF-UWF-080,Uncoated woodfree 80gsm,Writing paper,Domestic,Qazvin Manufacturing Site,Qazvin,Qazvin Finished Goods,Paper line B,Mixed domestic/imported supply,235.5,127.1,52.8,232.2,984076500,0.93,1348050000,96.8,35.6,3.1,7.2,0.05,605413,44.1,285.0,102.6,843.1,6.7,0.0,47.4,0.947,112.2,23,NORMAL,8
2027-02-01,OFF-UWF-070 · Public sector,OFF-UWF-070,Uncoated woodfree 70gsm,Writing paper,Public sector,Qazvin Manufacturing Site,Qazvin,Qazvin Finished Goods,Paper line B,Mixed domestic/imported supply,132.7,61.6,46.5,133.4,1027767000,0.93,1407900000,94.6,29.3,3.1,5.2,0.048,605413,44.1,285.0,102.6,843.1,6.7,0.0,47.4,0.947,112.2,23,NORMAL,8
2027-02-01,COA-ART-135 · Domestic,COA-ART-135,Coated art paper 135gsm,Commercial print,Domestic,Qazvin Manufacturing Site,Qazvin,Qazvin Finished Goods,Coating line,Mixed domestic/imported supply,151.7,64.0,42.3,117.2,1071457500,0.93,1467750000,99.3,25.7,2.5,6.5,0.007,605413,44.1,285.0,102.6,843.1,6.7,0.0,47.4,0.947,112.2,23,NORMAL,8
2027-02-01,COA-ART-170 · Domestic,COA-ART-170,Coated art paper 170gsm,Commercial print,Domestic,Qazvin Manufacturing Site,Qazvin,Qazvin Finished Goods,Coating line,Mixed domestic/imported supply,108.4,54.7,49.4,104.3,1115148000,0.93,1527600000,100.2,15.4,1.7,7.2,0.026,605413,44.1,285.0,102.6,843.1,6.7,0.0,47.4,0.947,112.2,23,NORMAL,8
2027-02-01,LBL-STOCK-090 · FMCG,LBL-STOCK-090,Label stock 90gsm,Labels,FMCG,Qazvin Manufacturing Site,Qazvin,Qazvin Finished Goods,Coating line,Mixed domestic/imported supply,94.1,48.8,56.5,89.8,1158838500,0.96,1587450000,99.3,19.1,2.0,6.9,0.055,605413,44.1,285.0,102.6,843.1,6.7,0.0,47.4,0.947,112.2,23,NORMAL,8
2027-02-01,IND-CORE-250 · Domestic,IND-CORE-250,Industrial core board,Industrial,Domestic,Qazvin Manufacturing Site,Qazvin,Qazvin Finished Goods,Board line,Mixed domestic/imported supply,102.4,45.5,43.3,103.8,1202529000,0.93,1647300000,97.1,16.1,1.8,5.1,0.054,605413,44.1,285.0,102.6,843.1,6.7,0.0,47.4,0.947,112.2,23,NORMAL,8
2027-02-01,FOD-GRADE-110 · FMCG,FOD-GRADE-110,Food-grade paper 110gsm,Food packaging,FMCG,Qazvin Manufacturing Site,Qazvin,Qazvin Finished Goods,Paper line A,Mixed domestic/imported supply,126.9,65.6,43.1,125.8,1246219500,0.96,1707150000,104.0,16.4,2.1,4.8,0.026,605413,44.1,285.0,102.6,843.1,6.7,0.0,47.4,0.947,112.2,23,NORMAL,8
2027-02-01,NCR-SET-080 · Public sector,NCR-SET-080,NCR forms 80gsm,Specialty,Public sector,Qazvin Manufacturing Site,Qazvin,Qazvin Finished Goods,Specialty line,Mixed domestic/imported supply,72.8,26.9,56.7,55.6,1289910000,0.93,1767000000,97.7,12.7,1.0,4.1,0.024,605413,44.1,285.0,102.6,843.1,6.7,0.0,47.4,0.947,112.2,23,NORMAL,8
2027-02-01,EXP-KRAFT-140 · Export,EXP-KRAFT-140,Export kraft 140gsm,Packaging paper,Export,Qazvin Manufacturing Site,Qazvin,Qazvin Finished Goods,Paper line A,Mixed domestic/imported supply,116.1,44.7,42.2,95.3,1333600500,0.96,1826850000,95.6,12.3,1.6,5.7,0.0,605413,44.1,285.0,102.6,843.1,6.7,0.0,47.4,0.947,112.2,23,NORMAL,8
2027-03-01,PKG-KRAFT-120 · Domestic,PKG-KRAFT-120,Kraft liner 120gsm,Packaging paper,Domestic,Qazvin Manufacturing Site,Qazvin,Qazvin Finished Goods,Paper line A,Mixed domestic/imported supply,250.7,96.6,45.6,199.0,868269300,0.93,1189410000,85.2,27.1,3.5,5.7,0.054,615127,43.4,290.1,103.1,838.4,13.2,2.9,46.5,0.943,112.0,19,NOWRUZ_SHUTDOWN,58
2027-03-01,PKG-BOARD-300 · Domestic,PKG-BOARD-300,Folding boxboard 300gsm,Packaging board,Domestic,Qazvin Manufacturing Site,Qazvin,Qazvin Finished Goods,Board line,Mixed domestic/imported supply,179.2,71.0,48.3,150.5,912741630,0.93,1250331000,87.0,27.1,3.2,5.0,0.074,615127,43.4,290.1,103.1,838.4,13.2,2.9,46.5,0.943,112.0,19,NOWRUZ_SHUTDOWN,58
2027-03-01,PKG-BOARD-350 · Export,PKG-BOARD-350,Folding boxboard 350gsm,Packaging board,Export,Qazvin Manufacturing Site,Qazvin,Qazvin Finished Goods,Board line,Mixed domestic/imported supply,97.5,70.9,50.7,116.0,957213960,0.96,1311252000,88.4,19.7,2.5,3.4,0.048,615127,43.4,290.1,103.1,838.4,13.2,2.9,46.5,0.943,112.0,19,NOWRUZ_SHUTDOWN,58
2027-03-01,OFF-UWF-080 · Domestic,OFF-UWF-080,Uncoated woodfree 80gsm,Writing paper,Domestic,Qazvin Manufacturing Site,Qazvin,Qazvin Finished Goods,Paper line B,Mixed domestic/imported supply,238.3,101.1,42.3,222.5,1001686290,0.93,1372173000,90.8,36.8,3.5,7.1,0.047,615127,43.4,290.1,103.1,838.4,13.2,2.9,46.5,0.943,112.0,19,NOWRUZ_SHUTDOWN,58
2027-03-01,OFF-UWF-070 · Public sector,OFF-UWF-070,Uncoated woodfree 70gsm,Writing paper,Public sector,Qazvin Manufacturing Site,Qazvin,Qazvin Finished Goods,Paper line B,Mixed domestic/imported supply,148.6,81.6,43.3,135.9,1046158620,0.93,1433094000,94.0,25.9,2.8,7.4,0.007,615127,43.4,290.1,103.1,838.4,13.2,2.9,46.5,0.943,112.0,19,NOWRUZ_SHUTDOWN,58
2027-03-01,COA-ART-135 · Domestic,COA-ART-135,Coated art paper 135gsm,Commercial print,Domestic,Qazvin Manufacturing Site,Qazvin,Qazvin Finished Goods,Coating line,Mixed domestic/imported supply,143.8,55.1,42.8,127.8,1090630950,0.93,1494015000,86.7,18.8,1.9,6.1,0.029,615127,43.4,290.1,103.1,838.4,13.2,2.9,46.5,0.943,112.0,19,NOWRUZ_SHUTDOWN,58
2027-03-01,COA-ART-170 · Domestic,COA-ART-170,Coated art paper 170gsm,Commercial print,Domestic,Qazvin Manufacturing Site,Qazvin,Qazvin Finished Goods,Coating line,Mixed domestic/imported supply,130.3,47.3,53.8,109.9,1135103280,0.93,1554936000,86.5,16.7,1.6,9.3,0.022,615127,43.4,290.1,103.1,838.4,13.2,2.9,46.5,0.943,112.0,19,NOWRUZ_SHUTDOWN,58
2027-03-01,LBL-STOCK-090 · FMCG,LBL-STOCK-090,Label stock 90gsm,Labels,FMCG,Qazvin Manufacturing Site,Qazvin,Qazvin Finished Goods,Coating line,Mixed domestic/imported supply,108.5,54.5,42.6,93.1,1179575610,0.96,1615857000,87.2,14.8,1.5,6.2,0.045,615127,43.4,290.1,103.1,838.4,13.2,2.9,46.5,0.943,112.0,19,NOWRUZ_SHUTDOWN,58
2027-03-01,IND-CORE-250 · Domestic,IND-CORE-250,Industrial core board,Industrial,Domestic,Qazvin Manufacturing Site,Qazvin,Qazvin Finished Goods,Board line,Mixed domestic/imported supply,137.6,47.7,41.3,113.7,1224047940,0.93,1676778000,88.8,17.4,2.1,7.5,0.053,615127,43.4,290.1,103.1,838.4,13.2,2.9,46.5,0.943,112.0,19,NOWRUZ_SHUTDOWN,58
2027-03-01,FOD-GRADE-110 · FMCG,FOD-GRADE-110,Food-grade paper 110gsm,Food packaging,FMCG,Qazvin Manufacturing Site,Qazvin,Qazvin Finished Goods,Paper line A,Mixed domestic/imported supply,140.3,53.4,52.5,113.4,1268520270,0.96,1737699000,88.3,18.8,2.2,5.2,0.033,615127,43.4,290.1,103.1,838.4,13.2,2.9,46.5,0.943,112.0,19,NOWRUZ_SHUTDOWN,58
2027-03-01,NCR-SET-080 · Public sector,NCR-SET-080,NCR forms 80gsm,Specialty,Public sector,Qazvin Manufacturing Site,Qazvin,Qazvin Finished Goods,Specialty line,Mixed domestic/imported supply,54.3,33.6,41.9,58.5,1312992600,0.93,1798620000,88.9,7.3,0.7,6.6,0.029,615127,43.4,290.1,103.1,838.4,13.2,2.9,46.5,0.943,112.0,19,NOWRUZ_SHUTDOWN,58
2027-03-01,EXP-KRAFT-140 · Export,EXP-KRAFT-140,Export kraft 140gsm,Packaging paper,Export,Qazvin Manufacturing Site,Qazvin,Qazvin Finished Goods,Paper line A,Mixed domestic/imported supply,106.6,41.9,39.8,94.6,1357464930,0.96,1859541000,87.3,14.8,1.4,10.6,0.063,615127,43.4,290.1,103.1,838.4,13.2,2.9,46.5,0.943,112.0,19,NOWRUZ_SHUTDOWN,58
2027-04-01,PKG-KRAFT-120 · Domestic,PKG-KRAFT-120,Kraft liner 120gsm,Packaging paper,Domestic,Qazvin Manufacturing Site,Qazvin,Qazvin Finished Goods,Paper line A,Mixed domestic/imported supply,193.2,109.7,48.6,195.5,882935000,0.93,1209500000,96.4,38.6,5.4,5.8,0.044,625972,42.7,295.0,103.5,832.5,20.4,13.1,45.6,0.938,112.1,23,NORMAL,8
2027-04-01,PKG-BOARD-300 · Domestic,PKG-BOARD-300,Folding boxboard 300gsm,Packaging board,Domestic,Qazvin Manufacturing Site,Qazvin,Qazvin Finished Goods,Board line,Mixed domestic/imported supply,175.5,92.6,40.0,146.8,928158500,0.93,1271450000,97.2,23.5,3.1,6.5,0.022,625972,42.7,295.0,103.5,832.5,20.4,13.1,45.6,0.938,112.1,23,NORMAL,8
2027-04-01,PKG-BOARD-350 · Export,PKG-BOARD-350,Folding boxboard 350gsm,Packaging board,Export,Qazvin Manufacturing Site,Qazvin,Qazvin Finished Goods,Board line,Mixed domestic/imported supply,105.3,71.2,47.0,119.2,973382000,0.96,1333400000,101.0,21.9,2.8,5.7,0.055,625972,42.7,295.0,103.5,832.5,20.4,13.1,45.6,0.938,112.1,23,NORMAL,8
2027-04-01,OFF-UWF-080 · Domestic,OFF-UWF-080,Uncoated woodfree 80gsm,Writing paper,Domestic,Qazvin Manufacturing Site,Qazvin,Qazvin Finished Goods,Paper line B,Mixed domestic/imported supply,205.9,104.7,46.6,203.9,1018605500,0.93,1395350000,100.2,46.5,4.3,5.4,0.012,625972,42.7,295.0,103.5,832.5,20.4,13.1,45.6,0.938,112.1,23,NORMAL,8
2027-04-01,OFF-UWF-070 · Public sector,OFF-UWF-070,Uncoated woodfree 70gsm,Writing paper,Public sector,Qazvin Manufacturing Site,Qazvin,Qazvin Finished Goods,Paper line B,Mixed domestic/imported supply,151.4,60.1,51.9,136.5,1063829000,0.93,1457300000,97.1,30.3,3.0,4.7,0.065,625972,42.7,295.0,103.5,832.5,20.4,13.1,45.6,0.938,112.1,23,NORMAL,8
2027-04-01,COA-ART-135 · Domestic,COA-ART-135,Coated art paper 135gsm,Commercial print,Domestic,Qazvin Manufacturing Site,Qazvin,Qazvin Finished Goods,Coating line,Mixed domestic/imported supply,131.6,71.8,44.9,125.3,1109052500,0.93,1519250000,101.2,19.2,2.0,6.1,0.054,625972,42.7,295.0,103.5,832.5,20.4,13.1,45.6,0.938,112.1,23,NORMAL,8
2027-04-01,COA-ART-170 · Domestic,COA-ART-170,Coated art paper 170gsm,Commercial print,Domestic,Qazvin Manufacturing Site,Qazvin,Qazvin Finished Goods,Coating line,Mixed domestic/imported supply,126.2,55.2,54.1,104.2,1154276000,0.93,1581200000,97.0,13.8,1.6,8.5,0.055,625972,42.7,295.0,103.5,832.5,20.4,13.1,45.6,0.938,112.1,23,NORMAL,8
2027-04-01,LBL-STOCK-090 · FMCG,LBL-STOCK-090,Label stock 90gsm,Labels,FMCG,Qazvin Manufacturing Site,Qazvin,Qazvin Finished Goods,Coating line,Mixed domestic/imported supply,126.3,49.5,46.3,99.8,1199499500,0.96,1643150000,98.4,14.7,1.7,8.1,0.032,625972,42.7,295.0,103.5,832.5,20.4,13.1,45.6,0.938,112.1,23,NORMAL,8
2027-04-01,IND-CORE-250 · Domestic,IND-CORE-250,Industrial core board,Industrial,Domestic,Qazvin Manufacturing Site,Qazvin,Qazvin Finished Goods,Board line,Mixed domestic/imported supply,120.7,61.6,39.4,108.9,1244723000,0.93,1705100000,97.0,21.6,2.2,5.6,0.029,625972,42.7,295.0,103.5,832.5,20.4,13.1,45.6,0.938,112.1,23,NORMAL,8
2027-04-01,FOD-GRADE-110 · FMCG,FOD-GRADE-110,Food-grade paper 110gsm,Food packaging,FMCG,Qazvin Manufacturing Site,Qazvin,Qazvin Finished Goods,Paper line A,Mixed domestic/imported supply,109.1,54.1,51.9,118.3,1289946500,0.96,1767050000,95.7,18.6,2.1,5.8,0.033,625972,42.7,295.0,103.5,832.5,20.4,13.1,45.6,0.938,112.1,23,NORMAL,8
2027-04-01,NCR-SET-080 · Public sector,NCR-SET-080,NCR forms 80gsm,Specialty,Public sector,Qazvin Manufacturing Site,Qazvin,Qazvin Finished Goods,Specialty line,Mixed domestic/imported supply,51.3,31.6,48.1,59.0,1335170000,0.93,1829000000,102.6,10.5,1.0,7.1,0.04,625972,42.7,295.0,103.5,832.5,20.4,13.1,45.6,0.938,112.1,23,NORMAL,8
2027-04-01,EXP-KRAFT-140 · Export,EXP-KRAFT-140,Export kraft 140gsm,Packaging paper,Export,Qazvin Manufacturing Site,Qazvin,Qazvin Finished Goods,Paper line A,Mixed domestic/imported supply,120.9,37.4,43.6,81.6,1380393500,0.96,1890950000,100.5,13.9,1.6,9.1,0.02,625972,42.7,295.0,103.5,832.5,20.4,13.1,45.6,0.938,112.1,23,NORMAL,8
2027-05-01,PKG-KRAFT-120 · Domestic,PKG-KRAFT-120,Kraft liner 120gsm,Packaging paper,Domestic,Qazvin Manufacturing Site,Qazvin,Qazvin Finished Goods,Paper line A,Mixed domestic/imported supply,161.4,79.3,43.0,179.6,897301400,0.93,1229180000,101.6,35.9,5.1,7.6,0.029,637787,41.9,299.8,104.0,825.7,26.5,20.8,44.9,0.933,112.3,25,EXPORT_ORDER,45
2027-05-01,PKG-BOARD-300 · Domestic,PKG-BOARD-300,Folding boxboard 300gsm,Packaging board,Domestic,Qazvin Manufacturing Site,Qazvin,Qazvin Finished Goods,Board line,Mixed domestic/imported supply,189.4,80.7,38.9,153.2,943260740,0.93,1292138000,100.9,35.8,3.8,7.5,0.063,637787,41.9,299.8,104.0,825.7,26.5,20.8,44.9,0.933,112.3,25,EXPORT_ORDER,45
2027-05-01,PKG-BOARD-350 · Export,PKG-BOARD-350,Folding boxboard 350gsm,Packaging board,Export,Qazvin Manufacturing Site,Qazvin,Qazvin Finished Goods,Board line,Mixed domestic/imported supply,145.8,70.4,40.2,123.7,989220080,0.96,1355096000,126.6,34.2,3.8,2.9,0.033,637787,41.9,299.8,104.0,825.7,26.5,20.8,44.9,0.933,112.3,25,EXPORT_ORDER,45
2027-05-01,OFF-UWF-080 · Domestic,OFF-UWF-080,Uncoated woodfree 80gsm,Writing paper,Domestic,Qazvin Manufacturing Site,Qazvin,Qazvin Finished Goods,Paper line B,Mixed domestic/imported supply,293.2,94.8,42.0,195.6,1035179420,0.93,1418054000,102.8,38.3,5.7,7.1,0.026,637787,41.9,299.8,104.0,825.7,26.5,20.8,44.9,0.933,112.3,25,EXPORT_ORDER,45
2027-05-01,OFF-UWF-070 · Public sector,OFF-UWF-070,Uncoated woodfree 70gsm,Writing paper,Public sector,Qazvin Manufacturing Site,Qazvin,Qazvin Finished Goods,Paper line B,Mixed domestic/imported supply,152.9,58.5,52.3,141.3,1081138760,0.93,1481012000,100.1,25.4,3.9,4.9,0.04,637787,41.9,299.8,104.0,825.7,26.5,20.8,44.9,0.933,112.3,25,EXPORT_ORDER,45
2027-05-01,COA-ART-135 · Domestic,COA-ART-135,Coated art paper 135gsm,Commercial print,Domestic,Qazvin Manufacturing Site,Qazvin,Qazvin Finished Goods,Coating line,Mixed domestic/imported supply,160.5,59.0,43.4,121.7,1127098100,0.93,1543970000,100.9,24.2,3.1,4.5,0.047,637787,41.9,299.8,104.0,825.7,26.5,20.8,44.9,0.933,112.3,25,EXPORT_ORDER,45
2027-05-01,COA-ART-170 · Domestic,COA-ART-170,Coated art paper 170gsm,Commercial print,Domestic,Qazvin Manufacturing Site,Qazvin,Qazvin Finished Goods,Coating line,Mixed domestic/imported supply,125.2,47.8,42.3,96.0,1173057440,0.93,1606928000,104.8,17.1,2.0,5.9,0.022,637787,41.9,299.8,104.0,825.7,26.5,20.8,44.9,0.933,112.3,25,EXPORT_ORDER,45
2027-05-01,LBL-STOCK-090 · FMCG,LBL-STOCK-090,Label stock 90gsm,Labels,FMCG,Qazvin Manufacturing Site,Qazvin,Qazvin Finished Goods,Coating line,Mixed domestic/imported supply,109.1,49.1,52.9,91.2,1219016780,0.96,1669886000,100.5,21.4,2.3,4.2,0.054,637787,41.9,299.8,104.0,825.7,26.5,20.8,44.9,0.933,112.3,25,EXPORT_ORDER,45
2027-05-01,IND-CORE-250 · Domestic,IND-CORE-250,Industrial core board,Industrial,Domestic,Qazvin Manufacturing Site,Qazvin,Qazvin Finished Goods,Board line,Mixed domestic/imported supply,147.5,55.5,49.2,99.9,1264976120,0.93,1732844000,103.4,15.6,2.2,5.1,0.064,637787,41.9,299.8,104.0,825.7,26.5,20.8,44.9,0.933,112.3,25,EXPORT_ORDER,45
2027-05-01,FOD-GRADE-110 · FMCG,FOD-GRADE-110,Food-grade paper 110gsm,Food packaging,FMCG,Qazvin Manufacturing Site,Qazvin,Qazvin Finished Goods,Paper line A,Mixed domestic/imported supply,111.5,59.1,43.7,126.1,1310935460,0.96,1795802000,101.6,28.5,4.5,8.2,0.033,637787,41.9,299.8,104.0,825.7,26.5,20.8,44.9,0.933,112.3,25,EXPORT_ORDER,45
2027-05-01,NCR-SET-080 · Public sector,NCR-SET-080,NCR forms 80gsm,Specialty,Public sector,Qazvin Manufacturing Site,Qazvin,Qazvin Finished Goods,Specialty line,Mixed domestic/imported supply,75.0,28.6,52.7,56.9,1356894800,0.93,1858760000,107.8,7.9,0.9,6.7,0.04,637787,41.9,299.8,104.0,825.7,26.5,20.8,44.9,0.933,112.3,25,EXPORT_ORDER,45
2027-05-01,EXP-KRAFT-140 · Export,EXP-KRAFT-140,Export kraft 140gsm,Packaging paper,Export,Qazvin Manufacturing Site,Qazvin,Qazvin Finished Goods,Paper line A,Mixed domestic/imported supply,90.7,48.0,46.7,86.0,1402854140,0.96,1921718000,128.1,20.7,2.1,4.1,0.029,637787,41.9,299.8,104.0,825.7,26.5,20.8,44.9,0.933,112.3,25,EXPORT_ORDER,45
2027-06-01,PKG-KRAFT-120 · Domestic,PKG-KRAFT-120,Kraft liner 120gsm,Packaging paper,Domestic,Qazvin Manufacturing Site,Qazvin,Qazvin Finished Goods,Paper line A,Mixed domestic/imported supply,221.5,103.5,50.4,186.2,911368500,0.93,1248450000,105.1,44.7,4.9,5.1,0.07,650343,41.0,304.5,104.5,818.4,29.7,24.0,44.4,0.929,112.8,23,NORMAL,8
2027-06-01,PKG-BOARD-300 · Domestic,PKG-BOARD-300,Folding boxboard 300gsm,Packaging board,Domestic,Qazvin Manufacturing Site,Qazvin,Qazvin Finished Goods,Board line,Mixed domestic/imported supply,151.3,85.6,43.7,138.3,958048350,0.93,1312395000,101.2,28.6,3.3,6.3,0.022,650343,41.0,304.5,104.5,818.4,29.7,24.0,44.4,0.929,112.8,23,NORMAL,8
2027-06-01,PKG-BOARD-350 · Export,PKG-BOARD-350,Folding boxboard 350gsm,Packaging board,Export,Qazvin Manufacturing Site,Qazvin,Qazvin Finished Goods,Board line,Mixed domestic/imported supply,116.4,62.1,50.9,105.5,1004728200,0.96,1376340000,101.9,20.6,3.3,4.4,0.085,650343,41.0,304.5,104.5,818.4,29.7,24.0,44.4,0.929,112.8,23,NORMAL,8
2027-06-01,OFF-UWF-080 · Domestic,OFF-UWF-080,Uncoated woodfree 80gsm,Writing paper,Domestic,Qazvin Manufacturing Site,Qazvin,Qazvin Finished Goods,Paper line B,Mixed domestic/imported supply,270.3,125.6,38.8,197.5,1051408050,0.93,1440285000,105.0,50.1,5.7,7.6,0.0,650343,41.0,304.5,104.5,818.4,29.7,24.0,44.4,0.929,112.8,23,NORMAL,8
2027-06-01,OFF-UWF-070 · Public sector,OFF-UWF-070,Uncoated woodfree 70gsm,Writing paper,Public sector,Qazvin Manufacturing Site,Qazvin,Qazvin Finished Goods,Paper line B,Mixed domestic/imported supply,153.7,63.0,47.5,135.1,1098087900,0.93,1504230000,104.4,26.3,3.4,5.8,0.019,650343,41.0,304.5,104.5,818.4,29.7,24.0,44.4,0.929,112.8,23,NORMAL,8
2027-06-01,COA-ART-135 · Domestic,COA-ART-135,Coated art paper 135gsm,Commercial print,Domestic,Qazvin Manufacturing Site,Qazvin,Qazvin Finished Goods,Coating line,Mixed domestic/imported supply,106.8,61.3,44.7,131.9,1144767750,0.93,1568175000,103.0,17.8,2.5,9.0,0.047,650343,41.0,304.5,104.5,818.4,29.7,24.0,44.4,0.929,112.8,23,NORMAL,8
2027-06-01,COA-ART-170 · Domestic,COA-ART-170,Coated art paper 170gsm,Commercial print,Domestic,Qazvin Manufacturing Site,Qazvin,Qazvin Finished Goods,Coating line,Mixed domestic/imported supply,117.6,44.2,41.4,99.1,1191447600,0.93,1632120000,106.0,22.5,3.3,6.6,0.037,650343,41.0,304.5,104.5,818.4,29.7,24.0,44.4,0.929,112.8,23,NORMAL,8
2027-06-01,LBL-STOCK-090 · FMCG,LBL-STOCK-090,Label stock 90gsm,Labels,FMCG,Qazvin Manufacturing Site,Qazvin,Qazvin Finished Goods,Coating line,Mixed domestic/imported supply,111.0,54.2,51.4,86.6,1238127450,0.96,1696065000,106.1,16.3,2.6,7.0,0.008,650343,41.0,304.5,104.5,818.4,29.7,24.0,44.4,0.929,112.8,23,NORMAL,8
2027-06-01,IND-CORE-250 · Domestic,IND-CORE-250,Industrial core board,Industrial,Domestic,Qazvin Manufacturing Site,Qazvin,Qazvin Finished Goods,Board line,Mixed domestic/imported supply,117.6,60.7,41.2,100.3,1284807300,0.93,1760010000,105.9,20.9,3.1,6.7,0.022,650343,41.0,304.5,104.5,818.4,29.7,24.0,44.4,0.929,112.8,23,NORMAL,8
2027-06-01,FOD-GRADE-110 · FMCG,FOD-GRADE-110,Food-grade paper 110gsm,Food packaging,FMCG,Qazvin Manufacturing Site,Qazvin,Qazvin Finished Goods,Paper line A,Mixed domestic/imported supply,163.1,73.1,51.9,112.5,1331487150,0.96,1823955000,106.3,17.2,2.3,6.7,0.036,650343,41.0,304.5,104.5,818.4,29.7,24.0,44.4,0.929,112.8,23,NORMAL,8
2027-06-01,NCR-SET-080 · Public sector,NCR-SET-080,NCR forms 80gsm,Specialty,Public sector,Qazvin Manufacturing Site,Qazvin,Qazvin Finished Goods,Specialty line,Mixed domestic/imported supply,62.7,30.7,40.7,57.7,1378167000,0.93,1887900000,103.6,12.4,1.4,4.5,0.024,650343,41.0,304.5,104.5,818.4,29.7,24.0,44.4,0.929,112.8,23,NORMAL,8
2027-06-01,EXP-KRAFT-140 · Export,EXP-KRAFT-140,Export kraft 140gsm,Packaging paper,Export,Qazvin Manufacturing Site,Qazvin,Qazvin Finished Goods,Paper line A,Mixed domestic/imported supply,89.1,38.1,42.0,81.9,1424846850,0.96,1951845000,103.9,18.3,2.8,3.1,0.031,650343,41.0,304.5,104.5,818.4,29.7,24.0,44.4,0.929,112.8,23,NORMAL,8
2027-07-01,PKG-KRAFT-120 · Domestic,PKG-KRAFT-120,Kraft liner 120gsm,Packaging paper,Domestic,Qazvin Manufacturing Site,Qazvin,Qazvin Finished Goods,Paper line A,Mixed domestic/imported supply,176.6,108.1,45.5,176.5,924837000,0.93,1266900000,102.3,27.2,4.4,13.7,0.033,663359,40.1,309.0,105.0,811.1,29.3,75.8,44.1,0.925,113.4,25,POWER_CURTAILMENT,73
2027-07-01,PKG-BOARD-300 · Domestic,PKG-BOARD-300,Folding boxboard 300gsm,Packaging board,Domestic,Qazvin Manufacturing Site,Qazvin,Qazvin Finished Goods,Board line,Mixed domestic/imported supply,132.4,79.9,49.9,145.4,972206700,0.93,1331790000,100.4,19.9,2.8,18.0,0.033,663359,40.1,309.0,105.0,811.1,29.3,75.8,44.1,0.925,113.4,25,POWER_CURTAILMENT,73
2027-07-01,PKG-BOARD-350 · Export,PKG-BOARD-350,Folding boxboard 350gsm,Packaging board,Export,Qazvin Manufacturing Site,Qazvin,Qazvin Finished Goods,Board line,Mixed domestic/imported supply,124.0,58.3,46.9,120.8,1019576400,0.96,1396680000,101.3,27.3,3.2,15.6,0.046,663359,40.1,309.0,105.0,811.1,29.3,75.8,44.1,0.925,113.4,25,POWER_CURTAILMENT,73
2027-07-01,OFF-UWF-080 · Domestic,OFF-UWF-080,Uncoated woodfree 80gsm,Writing paper,Domestic,Qazvin Manufacturing Site,Qazvin,Qazvin Finished Goods,Paper line B,Mixed domestic/imported supply,200.9,116.9,39.1,212.5,1066946100,0.93,1461570000,99.8,36.1,4.6,14.2,0.051,663359,40.1,309.0,105.0,811.1,29.3,75.8,44.1,0.925,113.4,25,POWER_CURTAILMENT,73
2027-07-01,OFF-UWF-070 · Public sector,OFF-UWF-070,Uncoated woodfree 70gsm,Writing paper,Public sector,Qazvin Manufacturing Site,Qazvin,Qazvin Finished Goods,Paper line B,Mixed domestic/imported supply,172.0,63.7,47.6,145.0,1114315800,0.93,1526460000,103.5,25.9,4.2,15.1,0.029,663359,40.1,309.0,105.0,811.1,29.3,75.8,44.1,0.925,113.4,25,POWER_CURTAILMENT,73
2027-07-01,COA-ART-135 · Domestic,COA-ART-135,Coated art paper 135gsm,Commercial print,Domestic,Qazvin Manufacturing Site,Qazvin,Qazvin Finished Goods,Coating line,Mixed domestic/imported supply,154.0,72.6,49.8,126.0,1161685500,0.93,1591350000,100.7,18.0,2.9,20.9,0.044,663359,40.1,309.0,105.0,811.1,29.3,75.8,44.1,0.925,113.4,25,POWER_CURTAILMENT,73
2027-07-01,COA-ART-170 · Domestic,COA-ART-170,Coated art paper 170gsm,Commercial print,Domestic,Qazvin Manufacturing Site,Qazvin,Qazvin Finished Goods,Coating line,Mixed domestic/imported supply,131.4,46.6,41.8,108.3,1209055200,0.93,1656240000,102.4,18.6,3.1,18.3,0.014,663359,40.1,309.0,105.0,811.1,29.3,75.8,44.1,0.925,113.4,25,POWER_CURTAILMENT,73
2027-07-01,LBL-STOCK-090 · FMCG,LBL-STOCK-090,Label stock 90gsm,Labels,FMCG,Qazvin Manufacturing Site,Qazvin,Qazvin Finished Goods,Coating line,Mixed domestic/imported supply,130.0,52.5,48.2,94.9,1256424900,0.96,1721130000,102.4,15.0,2.0,17.3,0.033,663359,40.1,309.0,105.0,811.1,29.3,75.8,44.1,0.925,113.4,25,POWER_CURTAILMENT,73
2027-07-01,IND-CORE-250 · Domestic,IND-CORE-250,Industrial core board,Industrial,Domestic,Qazvin Manufacturing Site,Qazvin,Qazvin Finished Goods,Board line,Mixed domestic/imported supply,142.1,49.7,47.6,109.1,1303794600,0.93,1786020000,103.3,18.6,2.2,15.9,0.037,663359,40.1,309.0,105.0,811.1,29.3,75.8,44.1,0.925,113.4,25,POWER_CURTAILMENT,73
2027-07-01,FOD-GRADE-110 · FMCG,FOD-GRADE-110,Food-grade paper 110gsm,Food packaging,FMCG,Qazvin Manufacturing Site,Qazvin,Qazvin Finished Goods,Paper line A,Mixed domestic/imported supply,157.3,70.8,49.2,123.6,1351164300,0.96,1850910000,99.5,23.0,3.3,17.5,0.042,663359,40.1,309.0,105.0,811.1,29.3,75.8,44.1,0.925,113.4,25,POWER_CURTAILMENT,73
2027-07-01,NCR-SET-080 · Public sector,NCR-SET-080,NCR forms 80gsm,Specialty,Public sector,Qazvin Manufacturing Site,Qazvin,Qazvin Finished Goods,Specialty line,Mixed domestic/imported supply,49.7,24.8,50.6,52.7,1398534000,0.93,1915800000,100.0,12.0,1.8,15.2,0.037,663359,40.1,309.0,105.0,811.1,29.3,75.8,44.1,0.925,113.4,25,POWER_CURTAILMENT,73
2027-07-01,EXP-KRAFT-140 · Export,EXP-KRAFT-140,Export kraft 140gsm,Packaging paper,Export,Qazvin Manufacturing Site,Qazvin,Qazvin Finished Goods,Paper line A,Mixed domestic/imported supply,79.4,55.2,38.3,83.3,1445903700,0.96,1980690000,99.3,12.3,2.2,16.4,0.014,663359,40.1,309.0,105.0,811.1,29.3,75.8,44.1,0.925,113.4,25,POWER_CURTAILMENT,73
2027-08-01,PKG-KRAFT-120 · Domestic,PKG-KRAFT-120,Kraft liner 120gsm,Packaging paper,Domestic,Qazvin Manufacturing Site,Qazvin,Qazvin Finished Goods,Paper line A,Mixed domestic/imported supply,220.1,96.0,41.5,191.4,937706900,0.93,1284530000,98.6,32.2,4.2,6.0,0.035,676520,39.3,313.3,105.4,804.2,25.3,14.9,44.0,0.922,114.2,24,NORMAL,8
2027-08-01,PKG-BOARD-300 · Domestic,PKG-BOARD-300,Folding boxboard 300gsm,Packaging board,Domestic,Qazvin Manufacturing Site,Qazvin,Qazvin Finished Goods,Board line,Mixed domestic/imported supply,129.6,66.1,50.1,146.5,985735790,0.93,1350323000,99.4,20.0,3.1,7.4,0.075,676520,39.3,313.3,105.4,804.2,25.3,14.9,44.0,0.922,114.2,24,NORMAL,8
2027-08-01,PKG-BOARD-350 · Export,PKG-BOARD-350,Folding boxboard 350gsm,Packaging board,Export,Qazvin Manufacturing Site,Qazvin,Qazvin Finished Goods,Board line,Mixed domestic/imported supply,150.7,57.0,44.7,113.5,1033764680,0.96,1416116000,94.3,22.1,3.7,5.4,0.026,676520,39.3,313.3,105.4,804.2,25.3,14.9,44.0,0.922,114.2,24,NORMAL,8
2027-08-01,OFF-UWF-080 · Domestic,OFF-UWF-080,Uncoated woodfree 80gsm,Writing paper,Domestic,Qazvin Manufacturing Site,Qazvin,Qazvin Finished Goods,Paper line B,Mixed domestic/imported supply,215.7,133.9,51.0,210.6,1081793570,0.93,1481909000,99.3,49.5,6.0,8.1,0.043,676520,39.3,313.3,105.4,804.2,25.3,14.9,44.0,0.922,114.2,24,NORMAL,8
2027-08-01,OFF-UWF-070 · Public sector,OFF-UWF-070,Uncoated woodfree 70gsm,Writing paper,Public sector,Qazvin Manufacturing Site,Qazvin,Qazvin Finished Goods,Paper line B,Mixed domestic/imported supply,121.5,82.9,45.2,140.7,1129822460,0.93,1547702000,98.1,29.2,4.0,7.1,0.045,676520,39.3,313.3,105.4,804.2,25.3,14.9,44.0,0.922,114.2,24,NORMAL,8
2027-08-01,COA-ART-135 · Domestic,COA-ART-135,Coated art paper 135gsm,Commercial print,Domestic,Qazvin Manufacturing Site,Qazvin,Qazvin Finished Goods,Coating line,Mixed domestic/imported supply,110.3,62.7,50.7,126.8,1177851350,0.93,1613495000,99.7,22.8,2.9,8.3,0.045,676520,39.3,313.3,105.4,804.2,25.3,14.9,44.0,0.922,114.2,24,NORMAL,8
2027-08-01,COA-ART-170 · Domestic,COA-ART-170,Coated art paper 170gsm,Commercial print,Domestic,Qazvin Manufacturing Site,Qazvin,Qazvin Finished Goods,Coating line,Mixed domestic/imported supply,104.3,48.3,47.5,94.5,1225880240,0.93,1679288000,97.7,23.3,4.2,6.4,0.025,676520,39.3,313.3,105.4,804.2,25.3,14.9,44.0,0.922,114.2,24,NORMAL,8
2027-08-01,LBL-STOCK-090 · FMCG,LBL-STOCK-090,Label stock 90gsm,Labels,FMCG,Qazvin Manufacturing Site,Qazvin,Qazvin Finished Goods,Coating line,Mixed domestic/imported supply,86.5,57.2,44.2,96.5,1273909130,0.96,1745081000,97.0,18.9,2.7,8.2,0.043,676520,39.3,313.3,105.4,804.2,25.3,14.9,44.0,0.922,114.2,24,NORMAL,8
2027-08-01,IND-CORE-250 · Domestic,IND-CORE-250,Industrial core board,Industrial,Domestic,Qazvin Manufacturing Site,Qazvin,Qazvin Finished Goods,Board line,Mixed domestic/imported supply,92.3,47.3,41.4,100.2,1321938020,0.93,1810874000,96.3,22.5,4.0,5.4,0.056,676520,39.3,313.3,105.4,804.2,25.3,14.9,44.0,0.922,114.2,24,NORMAL,8
2027-08-01,FOD-GRADE-110 · FMCG,FOD-GRADE-110,Food-grade paper 110gsm,Food packaging,FMCG,Qazvin Manufacturing Site,Qazvin,Qazvin Finished Goods,Paper line A,Mixed domestic/imported supply,130.2,54.7,42.1,127.5,1369966910,0.96,1876667000,95.9,22.4,3.9,5.9,0.062,676520,39.3,313.3,105.4,804.2,25.3,14.9,44.0,0.922,114.2,24,NORMAL,8
2027-08-01,NCR-SET-080 · Public sector,NCR-SET-080,NCR forms 80gsm,Specialty,Public sector,Qazvin Manufacturing Site,Qazvin,Qazvin Finished Goods,Specialty line,Mixed domestic/imported supply,52.2,31.7,40.6,58.3,1417995800,0.93,1942460000,99.2,11.8,1.9,6.0,0.017,676520,39.3,313.3,105.4,804.2,25.3,14.9,44.0,0.922,114.2,24,NORMAL,8
2027-08-01,EXP-KRAFT-140 · Export,EXP-KRAFT-140,Export kraft 140gsm,Packaging paper,Export,Qazvin Manufacturing Site,Qazvin,Qazvin Finished Goods,Paper line A,Mixed domestic/imported supply,105.0,39.3,43.2,83.6,1466024690,0.96,2008253000,102.4,13.6,2.5,7.1,0.07,676520,39.3,313.3,105.4,804.2,25.3,14.9,44.0,0.922,114.2,24,NORMAL,8
