item_id,timestamp,actual
PKG-KRAFT-120 · Domestic,2026-09-01,152.36
PKG-BOARD-300 · Domestic,2026-09-01,133.86
PKG-BOARD-350 · Export,2026-09-01,100.33
OFF-UWF-080 · Domestic,2026-09-01,169.9
OFF-UWF-070 · Public sector,2026-09-01,113.04
COA-ART-135 · Domestic,2026-09-01,104.69
COA-ART-170 · Domestic,2026-09-01,88.68
LBL-STOCK-090 · FMCG,2026-09-01,84.02
IND-CORE-250 · Domestic,2026-09-01,87.55
FOD-GRADE-110 · FMCG,2026-09-01,92.61
NCR-SET-080 · Public sector,2026-09-01,45.21
EXP-KRAFT-140 · Export,2026-09-01,75.29
PKG-KRAFT-120 · Domestic,2026-10-01,144.98
PKG-BOARD-300 · Domestic,2026-10-01,103.78
PKG-BOARD-350 · Export,2026-10-01,90.17
OFF-UWF-080 · Domestic,2026-10-01,165.78
OFF-UWF-070 · Public sector,2026-10-01,101.85
COA-ART-135 · Domestic,2026-10-01,87.05
COA-ART-170 · Domestic,2026-10-01,76.29
LBL-STOCK-090 · FMCG,2026-10-01,71.1
IND-CORE-250 · Domestic,2026-10-01,81.49
FOD-GRADE-110 · FMCG,2026-10-01,88.93
NCR-SET-080 · Public sector,2026-10-01,42.14
EXP-KRAFT-140 · Export,2026-10-01,69.23
PKG-KRAFT-120 · Domestic,2026-11-01,133.83
PKG-BOARD-300 · Domestic,2026-11-01,107.81
PKG-BOARD-350 · Export,2026-11-01,95.9
OFF-UWF-080 · Domestic,2026-11-01,171.55
OFF-UWF-070 · Public sector,2026-11-01,99.64
COA-ART-135 · Domestic,2026-11-01,89.63
COA-ART-170 · Domestic,2026-11-01,69.66
LBL-STOCK-090 · FMCG,2026-11-01,71.14
IND-CORE-250 · Domestic,2026-11-01,77.69
FOD-GRADE-110 · FMCG,2026-11-01,89.71
NCR-SET-080 · Public sector,2026-11-01,40.73
EXP-KRAFT-140 · Export,2026-11-01,72.9
