date,series_id,sku,category,customer,selling_price_eur_per_tonne,eur_usd,pulp_price_index,energy_price_index,inflation_yoy,industrial_activity_index,paper_market_demand_index,customer_orders_index,quote_pipeline_index,confirmed_contract_tonnes,backlog_tonnes,promotion_index,environmental_risk_index,supply_disruption_index,logistics_cost_index,working_days,competitor_price_index,event_code,event_severity
2026-09-01,COA-135-70X100 · Lumen Creative Group,COA-135-70X100,Commercial paper,Lumen Creative Group,1200.0,1.094,119.6,101.3,1.89,103.2,103.8,122.51,114.14,16.35,3.07,0.139,21.8,10.6,107.2,22,105.6,SEASONAL_UPLIFT,28
2026-09-01,COA-135-70X100 · PrintWorks Iberia,COA-135-70X100,Commercial paper,PrintWorks Iberia,1132.08,1.094,119.6,101.3,1.89,103.2,103.8,122.75,115.88,26.67,5.0,0.139,21.8,10.6,107.2,22,105.6,SEASONAL_UPLIFT,28
2026-09-01,COA-170-70X100 · ColorPress Studio,COA-170-70X100,Commercial paper,ColorPress Studio,1250.12,1.094,119.6,101.3,1.89,103.2,103.8,124.23,119.25,16.88,4.59,0.138,21.8,10.6,107.2,22,105.6,SEASONAL_UPLIFT,28
2026-09-01,COA-170-70X100 · PrintWorks Iberia,COA-170-70X100,Commercial paper,PrintWorks Iberia,1202.04,1.094,119.6,101.3,1.89,103.2,103.8,123.75,120.56,22.37,6.08,0.138,21.8,10.6,107.2,22,105.6,SEASONAL_UPLIFT,28
2026-09-01,LBL-090-SRA3 · Belleza Cosmetics,LBL-090-SRA3,Labels,Belleza Cosmetics,1686.99,1.094,119.6,101.3,1.89,103.2,103.8,116.91,111.12,17.09,1.91,0.126,21.8,10.6,107.2,22,105.6,SEASONAL_UPLIFT,28
2026-09-01,LBL-090-SRA3 · Retail Labels Co.,LBL-090-SRA3,Labels,Retail Labels Co.,1608.16,1.094,119.6,101.3,1.89,103.2,103.8,116.23,112.3,21.75,2.43,0.126,21.8,10.6,107.2,22,105.6,SEASONAL_UPLIFT,28
2026-09-01,UNC-080-64X90 · Atlas Publishing,UNC-080-64X90,Office & publishing,Atlas Publishing,940.76,1.094,119.6,101.3,1.89,103.2,103.8,121.78,118.97,26.36,6.24,0.133,21.8,10.6,107.2,22,105.6,SEASONAL_UPLIFT,28
2026-09-01,UNC-080-64X90 · OfficeSource PT,UNC-080-64X90,Office & publishing,OfficeSource PT,969.27,1.094,119.6,101.3,1.89,103.2,103.8,122.13,117.57,19.08,4.52,0.133,21.8,10.6,107.2,22,105.6,SEASONAL_UPLIFT,28
2026-09-01,BRD-300-SRA2 · Belleza Cosmetics,BRD-300-SRA2,Packaging,Belleza Cosmetics,1416.73,1.094,119.6,101.3,1.89,103.2,103.8,116.66,112.94,17.1,1.95,0.097,21.8,10.6,107.2,22,105.6,SEASONAL_UPLIFT,28
2026-09-01,BRD-300-SRA2 · NovaPack Foods,BRD-300-SRA2,Packaging,NovaPack Foods,1324.91,1.094,119.6,101.3,1.89,103.2,103.8,117.1,114.85,30.39,3.46,0.097,21.8,10.6,107.2,22,105.6,SEASONAL_UPLIFT,28
2026-09-01,KRF-120-72X102 · GreenParcel Europe,KRF-120-72X102,Packaging,GreenParcel Europe,1058.62,1.094,119.6,101.3,1.89,103.2,103.8,112.74,118.96,17.47,2.28,0.109,21.8,10.6,107.2,22,105.6,SEASONAL_UPLIFT,28
2026-09-01,KRF-120-72X102 · NovaPack Foods,KRF-120-72X102,Packaging,NovaPack Foods,1027.79,1.094,119.6,101.3,1.89,103.2,103.8,111.89,120.08,21.36,2.79,0.109,21.8,10.6,107.2,22,105.6,SEASONAL_UPLIFT,28
2026-09-01,NWS-049-ROLL · Daily Metro Media,NWS-049-ROLL,Publishing,Daily Metro Media,757.21,1.094,119.6,101.3,1.89,103.2,103.8,118.67,118.68,30.49,6.8,0.1,21.8,10.6,107.2,22,105.6,SEASONAL_UPLIFT,28
2026-09-01,NCR-080-A4 · FormTech Solutions,NCR-080-A4,Specialty,FormTech Solutions,1520.63,1.094,119.6,101.3,1.89,103.2,103.8,113.8,119.99,20.02,2.6,0.101,21.8,10.6,107.2,22,105.6,SEASONAL_UPLIFT,28
2026-10-01,COA-135-70X100 · Lumen Creative Group,COA-135-70X100,Commercial paper,Lumen Creative Group,1278.41,1.091,136.6,104.7,1.87,103.4,103.9,111.7,113.77,14.6,4.39,0.079,47.6,65.2,125.0,22,105.8,PULP_SUPPLY_SHOCK,78
2026-10-01,COA-135-70X100 · PrintWorks Iberia,COA-135-70X100,Commercial paper,PrintWorks Iberia,1206.05,1.091,136.6,104.7,1.87,103.4,103.9,112.36,115.92,23.81,7.15,0.079,47.6,65.2,125.0,22,105.8,PULP_SUPPLY_SHOCK,78
2026-10-01,COA-170-70X100 · ColorPress Studio,COA-170-70X100,Commercial paper,ColorPress Studio,1334.67,1.091,136.6,104.7,1.87,103.4,103.9,110.21,112.02,14.99,5.28,0.065,47.6,65.2,125.0,22,105.8,PULP_SUPPLY_SHOCK,78
2026-10-01,COA-170-70X100 · PrintWorks Iberia,COA-170-70X100,Commercial paper,PrintWorks Iberia,1283.34,1.091,136.6,104.7,1.87,103.4,103.9,110.19,113.71,19.86,7.0,0.065,47.6,65.2,125.0,22,105.8,PULP_SUPPLY_SHOCK,78
2026-10-01,LBL-090-SRA3 · Belleza Cosmetics,LBL-090-SRA3,Labels,Belleza Cosmetics,1819.73,1.091,136.6,104.7,1.87,103.4,103.9,117.24,112.07,18.88,3.5,0.074,47.6,65.2,125.0,22,105.8,PULP_SUPPLY_SHOCK,78
2026-10-01,LBL-090-SRA3 · Retail Labels Co.,LBL-090-SRA3,Labels,Retail Labels Co.,1734.69,1.091,136.6,104.7,1.87,103.4,103.9,117.14,113.66,24.04,4.45,0.074,47.6,65.2,125.0,22,105.8,PULP_SUPPLY_SHOCK,78
2026-10-01,UNC-080-64X90 · Atlas Publishing,UNC-080-64X90,Office & publishing,Atlas Publishing,991.83,1.091,136.6,104.7,1.87,103.4,103.9,106.13,107.76,19.94,5.77,0.048,47.6,65.2,125.0,22,105.8,PULP_SUPPLY_SHOCK,78
2026-10-01,UNC-080-64X90 · OfficeSource PT,UNC-080-64X90,Office & publishing,OfficeSource PT,1021.89,1.091,136.6,104.7,1.87,103.4,103.9,106.05,106.02,14.44,4.18,0.048,47.6,65.2,125.0,22,105.8,PULP_SUPPLY_SHOCK,78
2026-10-01,BRD-300-SRA2 · Belleza Cosmetics,BRD-300-SRA2,Packaging,Belleza Cosmetics,1505.91,1.091,136.6,104.7,1.87,103.4,103.9,116.8,109.37,18.82,4.38,0.067,47.6,65.2,125.0,22,105.8,PULP_SUPPLY_SHOCK,78
2026-10-01,BRD-300-SRA2 · NovaPack Foods,BRD-300-SRA2,Packaging,NovaPack Foods,1408.3,1.091,136.6,104.7,1.87,103.4,103.9,117.82,111.66,33.45,7.8,0.067,47.6,65.2,125.0,22,105.8,PULP_SUPPLY_SHOCK,78
2026-10-01,KRF-120-72X102 · GreenParcel Europe,KRF-120-72X102,Packaging,GreenParcel Europe,1131.81,1.091,136.6,104.7,1.87,103.4,103.9,122.65,111.71,23.92,5.0,0.085,47.6,65.2,125.0,22,105.8,PULP_SUPPLY_SHOCK,78
2026-10-01,KRF-120-72X102 · NovaPack Foods,KRF-120-72X102,Packaging,NovaPack Foods,1098.84,1.091,136.6,104.7,1.87,103.4,103.9,122.45,113.22,29.24,6.11,0.085,47.6,65.2,125.0,22,105.8,PULP_SUPPLY_SHOCK,78
2026-10-01,NWS-049-ROLL · Daily Metro Media,NWS-049-ROLL,Publishing,Daily Metro Media,810.8,1.091,136.6,104.7,1.87,103.4,103.9,109.58,117.27,25.52,11.16,0.032,47.6,65.2,125.0,22,105.8,PULP_SUPPLY_SHOCK,78
2026-10-01,NCR-080-A4 · FormTech Solutions,NCR-080-A4,Specialty,FormTech Solutions,1612.17,1.091,136.6,104.7,1.87,103.4,103.9,111.46,108.59,16.52,8.21,0.055,47.6,65.2,125.0,22,105.8,PULP_SUPPLY_SHOCK,78
2026-11-01,COA-135-70X100 · Lumen Creative Group,COA-135-70X100,Commercial paper,Lumen Creative Group,1288.03,1.036,117.8,130.1,1.83,102.1,104.0,100.21,103.27,13.34,2.23,0.075,18.0,37.1,122.8,21,105.9,FX_ENERGY_SQUEEZE,69
2026-11-01,COA-135-70X100 · PrintWorks Iberia,COA-135-70X100,Commercial paper,PrintWorks Iberia,1215.12,1.036,117.8,130.1,1.83,102.1,104.0,101.52,105.57,21.77,3.65,0.075,18.0,37.1,122.8,21,105.9,FX_ENERGY_SQUEEZE,69
2026-11-01,COA-170-70X100 · ColorPress Studio,COA-170-70X100,Commercial paper,ColorPress Studio,1341.56,1.036,117.8,130.1,1.83,102.1,104.0,103.42,105.67,12.15,1.99,0.058,18.0,37.1,122.8,21,105.9,FX_ENERGY_SQUEEZE,69
2026-11-01,COA-170-70X100 · PrintWorks Iberia,COA-170-70X100,Commercial paper,PrintWorks Iberia,1289.96,1.036,117.8,130.1,1.83,102.1,104.0,104.15,107.56,16.1,2.64,0.058,18.0,37.1,122.8,21,105.9,FX_ENERGY_SQUEEZE,69
2026-11-01,LBL-090-SRA3 · Belleza Cosmetics,LBL-090-SRA3,Labels,Belleza Cosmetics,1803.68,1.036,117.8,130.1,1.83,102.1,104.0,110.12,104.59,18.16,4.07,0.078,18.0,37.1,122.8,21,105.9,FX_ENERGY_SQUEEZE,69
2026-11-01,LBL-090-SRA3 · Retail Labels Co.,LBL-090-SRA3,Labels,Retail Labels Co.,1719.39,1.036,117.8,130.1,1.83,102.1,104.0,110.79,106.4,23.11,5.19,0.078,18.0,37.1,122.8,21,105.9,FX_ENERGY_SQUEEZE,69
2026-11-01,UNC-080-64X90 · Atlas Publishing,UNC-080-64X90,Office & publishing,Atlas Publishing,1004.63,1.036,117.8,130.1,1.83,102.1,104.0,97.1,99.85,19.66,4.27,0.097,18.0,37.1,122.8,21,105.9,FX_ENERGY_SQUEEZE,69
2026-11-01,UNC-080-64X90 · OfficeSource PT,UNC-080-64X90,Office & publishing,OfficeSource PT,1035.08,1.036,117.8,130.1,1.83,102.1,104.0,96.31,97.92,14.24,3.1,0.097,18.0,37.1,122.8,21,105.9,FX_ENERGY_SQUEEZE,69
2026-11-01,BRD-300-SRA2 · Belleza Cosmetics,BRD-300-SRA2,Packaging,Belleza Cosmetics,1519.56,1.036,117.8,130.1,1.83,102.1,104.0,114.48,108.02,21.31,1.73,0.059,18.0,37.1,122.8,21,105.9,FX_ENERGY_SQUEEZE,69
2026-11-01,BRD-300-SRA2 · NovaPack Foods,BRD-300-SRA2,Packaging,NovaPack Foods,1421.07,1.036,117.8,130.1,1.83,102.1,104.0,116.27,110.55,37.88,3.08,0.059,18.0,37.1,122.8,21,105.9,FX_ENERGY_SQUEEZE,69
2026-11-01,KRF-120-72X102 · GreenParcel Europe,KRF-120-72X102,Packaging,GreenParcel Europe,1126.41,1.036,117.8,130.1,1.83,102.1,104.0,114.41,106.29,23.35,3.12,0.06,18.0,37.1,122.8,21,105.9,FX_ENERGY_SQUEEZE,69
2026-11-01,KRF-120-72X102 · NovaPack Foods,KRF-120-72X102,Packaging,NovaPack Foods,1093.6,1.036,117.8,130.1,1.83,102.1,104.0,114.96,108.02,28.54,3.81,0.06,18.0,37.1,122.8,21,105.9,FX_ENERGY_SQUEEZE,69
2026-11-01,NWS-049-ROLL · Daily Metro Media,NWS-049-ROLL,Publishing,Daily Metro Media,815.98,1.036,117.8,130.1,1.83,102.1,104.0,99.1,101.69,23.65,4.65,0.056,18.0,37.1,122.8,21,105.9,FX_ENERGY_SQUEEZE,69
2026-11-01,NCR-080-A4 · FormTech Solutions,NCR-080-A4,Specialty,FormTech Solutions,1621.13,1.036,117.8,130.1,1.83,102.1,104.0,98.87,101.9,8.1,2.77,0.057,18.0,37.1,122.8,21,105.9,FX_ENERGY_SQUEEZE,69
2026-12-01,COA-135-70X100 · Lumen Creative Group,COA-135-70X100,Commercial paper,Lumen Creative Group,1203.33,1.084,117.1,110.5,1.79,103.8,104.0,101.42,104.89,11.12,1.65,0.046,17.8,13.0,109.5,18,106.1,HOLIDAY_MIX,46
2026-12-01,COA-135-70X100 · PrintWorks Iberia,COA-135-70X100,Commercial paper,PrintWorks Iberia,1135.22,1.084,117.1,110.5,1.79,103.8,104.0,103.59,107.24,18.15,2.69,0.046,17.8,13.0,109.5,18,106.1,HOLIDAY_MIX,46
2026-12-01,COA-170-70X100 · ColorPress Studio,COA-170-70X100,Commercial paper,ColorPress Studio,1250.28,1.084,117.1,110.5,1.79,103.8,104.0,101.52,100.53,11.7,1.75,0.091,17.8,13.0,109.5,18,106.1,HOLIDAY_MIX,46
2026-12-01,COA-170-70X100 · PrintWorks Iberia,COA-170-70X100,Commercial paper,PrintWorks Iberia,1202.19,1.084,117.1,110.5,1.79,103.8,104.0,103.09,102.42,15.52,2.31,0.091,17.8,13.0,109.5,18,106.1,HOLIDAY_MIX,46
2026-12-01,LBL-090-SRA3 · Belleza Cosmetics,LBL-090-SRA3,Labels,Belleza Cosmetics,1714.24,1.084,117.1,110.5,1.79,103.8,104.0,131.65,113.53,22.02,3.42,0.165,17.8,13.0,109.5,18,106.1,HOLIDAY_MIX,46
2026-12-01,LBL-090-SRA3 · Retail Labels Co.,LBL-090-SRA3,Labels,Retail Labels Co.,1634.13,1.084,117.1,110.5,1.79,103.8,104.0,133.31,115.4,28.03,4.35,0.165,17.8,13.0,109.5,18,106.1,HOLIDAY_MIX,46
2026-12-01,UNC-080-64X90 · Atlas Publishing,UNC-080-64X90,Office & publishing,Atlas Publishing,946.81,1.084,117.1,110.5,1.79,103.8,104.0,96.46,100.83,16.29,0.78,0.074,17.8,13.0,109.5,18,106.1,HOLIDAY_MIX,46
2026-12-01,UNC-080-64X90 · OfficeSource PT,UNC-080-64X90,Office & publishing,OfficeSource PT,975.5,1.084,117.1,110.5,1.79,103.8,104.0,94.84,98.86,11.79,0.57,0.074,17.8,13.0,109.5,18,106.1,HOLIDAY_MIX,46
2026-12-01,BRD-300-SRA2 · Belleza Cosmetics,BRD-300-SRA2,Packaging,Belleza Cosmetics,1429.01,1.084,117.1,110.5,1.79,103.8,104.0,133.76,118.29,24.43,3.18,0.15,17.8,13.0,109.5,18,106.1,HOLIDAY_MIX,46
2026-12-01,BRD-300-SRA2 · NovaPack Foods,BRD-300-SRA2,Packaging,NovaPack Foods,1336.39,1.084,117.1,110.5,1.79,103.8,104.0,136.73,120.96,43.43,5.66,0.15,17.8,13.0,109.5,18,106.1,HOLIDAY_MIX,46
2026-12-01,KRF-120-72X102 · GreenParcel Europe,KRF-120-72X102,Packaging,GreenParcel Europe,1060.25,1.084,117.1,110.5,1.79,103.8,104.0,132.9,116.1,28.93,3.45,0.151,17.8,13.0,109.5,18,106.1,HOLIDAY_MIX,46
2026-12-01,KRF-120-72X102 · NovaPack Foods,KRF-120-72X102,Packaging,NovaPack Foods,1029.37,1.084,117.1,110.5,1.79,103.8,104.0,134.41,117.89,35.36,4.22,0.151,17.8,13.0,109.5,18,106.1,HOLIDAY_MIX,46
2026-12-01,NWS-049-ROLL · Daily Metro Media,NWS-049-ROLL,Publishing,Daily Metro Media,759.03,1.084,117.1,110.5,1.79,103.8,104.0,101.41,105.45,19.94,3.42,0.033,17.8,13.0,109.5,18,106.1,HOLIDAY_MIX,46
2026-12-01,NCR-080-A4 · FormTech Solutions,NCR-080-A4,Specialty,FormTech Solutions,1523.84,1.084,117.1,110.5,1.79,103.8,104.0,95.87,99.95,10.45,4.29,0.071,17.8,13.0,109.5,18,106.1,HOLIDAY_MIX,46
2027-01-01,COA-135-70X100 · Lumen Creative Group,COA-135-70X100,Commercial paper,Lumen Creative Group,1236.72,1.079,116.7,111.5,1.74,102.9,103.9,95.05,93.47,8.84,2.5,0.082,17.1,61.0,133.8,21,106.2,PORT_CONGESTION,73
2027-01-01,COA-135-70X100 · PrintWorks Iberia,COA-135-70X100,Commercial paper,PrintWorks Iberia,1166.72,1.079,116.7,111.5,1.74,102.9,103.9,97.8,95.51,14.42,4.08,0.082,17.1,61.0,133.8,21,106.2,PORT_CONGESTION,73
2027-01-01,COA-170-70X100 · ColorPress Studio,COA-170-70X100,Commercial paper,ColorPress Studio,1285.98,1.079,116.7,111.5,1.74,102.9,103.9,96.49,94.65,10.79,2.23,0.037,17.1,61.0,133.8,21,106.2,PORT_CONGESTION,73
2027-01-01,COA-170-70X100 · PrintWorks Iberia,COA-170-70X100,Commercial paper,PrintWorks Iberia,1236.52,1.079,116.7,111.5,1.74,102.9,103.9,98.68,96.32,14.31,2.95,0.037,17.1,61.0,133.8,21,106.2,PORT_CONGESTION,73
2027-01-01,LBL-090-SRA3 · Belleza Cosmetics,LBL-090-SRA3,Labels,Belleza Cosmetics,1751.26,1.079,116.7,111.5,1.74,102.9,103.9,99.72,101.02,14.63,2.93,0.052,17.1,61.0,133.8,21,106.2,PORT_CONGESTION,73
2027-01-01,LBL-090-SRA3 · Retail Labels Co.,LBL-090-SRA3,Labels,Retail Labels Co.,1669.42,1.079,116.7,111.5,1.74,102.9,103.9,101.83,102.64,18.61,3.73,0.052,17.1,61.0,133.8,21,106.2,PORT_CONGESTION,73
2027-01-01,UNC-080-64X90 · Atlas Publishing,UNC-080-64X90,Office & publishing,Atlas Publishing,962.02,1.079,116.7,111.5,1.74,102.9,103.9,95.07,100.94,17.71,4.76,0.064,17.1,61.0,133.8,21,106.2,PORT_CONGESTION,73
2027-01-01,UNC-080-64X90 · OfficeSource PT,UNC-080-64X90,Office & publishing,OfficeSource PT,991.17,1.079,116.7,111.5,1.74,102.9,103.9,92.8,99.16,12.82,3.45,0.064,17.1,61.0,133.8,21,106.2,PORT_CONGESTION,73
2027-01-01,BRD-300-SRA2 · Belleza Cosmetics,BRD-300-SRA2,Packaging,Belleza Cosmetics,1457.72,1.079,116.7,111.5,1.74,102.9,103.9,95.4,94.67,12.25,3.09,0.065,17.1,61.0,133.8,21,106.2,PORT_CONGESTION,73
2027-01-01,BRD-300-SRA2 · NovaPack Foods,BRD-300-SRA2,Packaging,NovaPack Foods,1363.24,1.079,116.7,111.5,1.74,102.9,103.9,98.39,96.88,21.77,5.49,0.065,17.1,61.0,133.8,21,106.2,PORT_CONGESTION,73
2027-01-01,KRF-120-72X102 · GreenParcel Europe,KRF-120-72X102,Packaging,GreenParcel Europe,1082.34,1.079,116.7,111.5,1.74,102.9,103.9,99.97,93.75,16.51,3.63,0.088,17.1,61.0,133.8,21,106.2,PORT_CONGESTION,73
2027-01-01,KRF-120-72X102 · NovaPack Foods,KRF-120-72X102,Packaging,NovaPack Foods,1050.82,1.079,116.7,111.5,1.74,102.9,103.9,101.96,95.26,20.17,4.44,0.088,17.1,61.0,133.8,21,106.2,PORT_CONGESTION,73
2027-01-01,NWS-049-ROLL · Daily Metro Media,NWS-049-ROLL,Publishing,Daily Metro Media,772.68,1.079,116.7,111.5,1.74,102.9,103.9,93.81,98.01,20.5,9.4,0.067,17.1,61.0,133.8,21,106.2,PORT_CONGESTION,73
2027-01-01,NCR-080-A4 · FormTech Solutions,NCR-080-A4,Specialty,FormTech Solutions,1558.88,1.079,116.7,111.5,1.74,102.9,103.9,102.76,98.8,11.94,6.66,0.059,17.1,61.0,133.8,21,106.2,PORT_CONGESTION,73
2027-02-01,COA-135-70X100 · Lumen Creative Group,COA-135-70X100,Commercial paper,Lumen Creative Group,1193.53,1.074,116.5,110.7,1.7,104.9,103.8,117.25,109.49,13.05,2.88,0.104,16.0,9.8,104.9,20,106.3,RECOVERY,24
2027-02-01,COA-135-70X100 · PrintWorks Iberia,COA-135-70X100,Commercial paper,PrintWorks Iberia,1125.97,1.074,116.5,110.7,1.7,104.9,103.8,120.67,111.31,21.29,4.7,0.104,16.0,9.8,104.9,20,106.3,RECOVERY,24
2027-02-01,COA-170-70X100 · ColorPress Studio,COA-170-70X100,Commercial paper,ColorPress Studio,1249.56,1.074,116.5,110.7,1.7,104.9,103.8,114.59,107.23,13.79,1.56,0.097,16.0,9.8,104.9,20,106.3,RECOVERY,24
2027-02-01,COA-170-70X100 · PrintWorks Iberia,COA-170-70X100,Commercial paper,PrintWorks Iberia,1201.5,1.074,116.5,110.7,1.7,104.9,103.8,117.27,108.59,18.27,2.06,0.097,16.0,9.8,104.9,20,106.3,RECOVERY,24
2027-02-01,LBL-090-SRA3 · Belleza Cosmetics,LBL-090-SRA3,Labels,Belleza Cosmetics,1698.79,1.074,116.5,110.7,1.7,104.9,103.8,115.06,109.67,16.16,2.44,0.063,16.0,9.8,104.9,20,106.3,RECOVERY,24
2027-02-01,LBL-090-SRA3 · Retail Labels Co.,LBL-090-SRA3,Labels,Retail Labels Co.,1619.4,1.074,116.5,110.7,1.7,104.9,103.8,117.61,110.95,20.57,3.1,0.063,16.0,9.8,104.9,20,106.3,RECOVERY,24
2027-02-01,UNC-080-64X90 · Atlas Publishing,UNC-080-64X90,Office & publishing,Atlas Publishing,934.15,1.074,116.5,110.7,1.7,104.9,103.8,114.33,110.91,20.99,3.62,0.102,16.0,9.8,104.9,20,106.3,RECOVERY,24
2027-02-01,UNC-080-64X90 · OfficeSource PT,UNC-080-64X90,Office & publishing,OfficeSource PT,962.46,1.074,116.5,110.7,1.7,104.9,103.8,111.54,109.45,15.2,2.62,0.102,16.0,9.8,104.9,20,106.3,RECOVERY,24
2027-02-01,BRD-300-SRA2 · Belleza Cosmetics,BRD-300-SRA2,Packaging,Belleza Cosmetics,1419.4,1.074,116.5,110.7,1.7,104.9,103.8,116.08,106.75,16.69,1.83,0.074,16.0,9.8,104.9,20,106.3,RECOVERY,24
2027-02-01,BRD-300-SRA2 · NovaPack Foods,BRD-300-SRA2,Packaging,NovaPack Foods,1327.4,1.074,116.5,110.7,1.7,104.9,103.8,119.77,108.71,29.67,3.25,0.074,16.0,9.8,104.9,20,106.3,RECOVERY,24
2027-02-01,KRF-120-72X102 · GreenParcel Europe,KRF-120-72X102,Packaging,GreenParcel Europe,1056.91,1.074,116.5,110.7,1.7,104.9,103.8,113.33,103.86,18.43,1.86,0.046,16.0,9.8,104.9,20,106.3,RECOVERY,24
2027-02-01,KRF-120-72X102 · NovaPack Foods,KRF-120-72X102,Packaging,NovaPack Foods,1026.13,1.074,116.5,110.7,1.7,104.9,103.8,115.72,105.04,22.53,2.28,0.046,16.0,9.8,104.9,20,106.3,RECOVERY,24
2027-02-01,NWS-049-ROLL · Daily Metro Media,NWS-049-ROLL,Publishing,Daily Metro Media,751.69,1.074,116.5,110.7,1.7,104.9,103.8,116.13,107.55,24.43,2.51,0.058,16.0,9.8,104.9,20,106.3,RECOVERY,24
2027-02-01,NCR-080-A4 · FormTech Solutions,NCR-080-A4,Specialty,FormTech Solutions,1515.87,1.074,116.5,110.7,1.7,104.9,103.8,117.12,113.87,12.89,0.24,0.051,16.0,9.8,104.9,20,106.3,RECOVERY,24
