date,item_id,sku,customer,quantity,unit
2023-09-01,A-1,A,Customer 1,100,KBlank
2023-09-01,A-2,A,Customer 2,50,KBlank
2023-09-01,B-1,B,Customer 1,40,KBlank
2023-10-01,A-1,A,Customer 1,100,KBlank
2023-10-01,A-2,A,Customer 2,50,KBlank
2023-10-01,B-1,B,Customer 1,40,KBlank
2023-11-01,A-1,A,Customer 1,100,KBlank
2023-11-01,A-2,A,Customer 2,50,KBlank
2023-11-01,B-1,B,Customer 1,40,KBlank
2023-12-01,A-1,A,Customer 1,100,KBlank
2023-12-01,A-2,A,Customer 2,50,KBlank
2023-12-01,B-1,B,Customer 1,40,KBlank
2024-01-01,A-1,A,Customer 1,100,KBlank
2024-01-01,A-2,A,Customer 2,50,KBlank
2024-01-01,B-1,B,Customer 1,40,KBlank
2024-02-01,A-1,A,Customer 1,100,KBlank
2024-02-01,A-2,A,Customer 2,50,KBlank
2024-02-01,B-1,B,Customer 1,40,KBlank
2024-03-01,A-1,A,Customer 1,100,KBlank
2024-03-01,A-2,A,Customer 2,50,KBlank
2024-03-01,B-1,B,Customer 1,40,KBlank
2024-04-01,A-1,A,Customer 1,100,KBlank
2024-04-01,A-2,A,Customer 2,50,KBlank
2024-04-01,B-1,B,Customer 1,40,KBlank
2024-05-01,A-1,A,Customer 1,100,KBlank
2024-05-01,A-2,A,Customer 2,50,KBlank
2024-05-01,B-1,B,Customer 1,40,KBlank
2024-06-01,A-1,A,Customer 1,100,KBlank
2024-06-01,A-2,A,Customer 2,50,KBlank
2024-06-01,B-1,B,Customer 1,40,KBlank
2024-07-01,A-1,A,Customer 1,100,KBlank
2024-07-01,A-2,A,Customer 2,50,KBlank
2024-07-01,B-1,B,Customer 1,40,KBlank
2024-08-01,A-1,A,Customer 1,100,KBlank
2024-08-01,A-2,A,Customer 2,50,KBlank
2024-08-01,B-1,B,Customer 1,40,KBlank
2024-09-01,A-1,A,Customer 1,100,KBlank
2024-09-01,A-2,A,Customer 2,50,KBlank
2024-09-01,B-1,B,Customer 1,40,KBlank
2024-10-01,A-1,A,Customer 1,100,KBlank
2024-10-01,A-2,A,Customer 2,50,KBlank
2024-10-01,B-1,B,Customer 1,40,KBlank
2024-11-01,A-1,A,Customer 1,100,KBlank
2024-11-01,A-2,A,Customer 2,50,KBlank
2024-11-01,B-1,B,Customer 1,40,KBlank
2024-12-01,A-1,A,Customer 1,100,KBlank
2024-12-01,A-2,A,Customer 2,50,KBlank
2024-12-01,B-1,B,Customer 1,40,KBlank
2025-01-01,A-1,A,Customer 1,100,KBlank
2025-01-01,A-2,A,Customer 2,50,KBlank
2025-01-01,B-1,B,Customer 1,40,KBlank
2025-02-01,A-1,A,Customer 1,100,KBlank
2025-02-01,A-2,A,Customer 2,50,KBlank
2025-02-01,B-1,B,Customer 1,40,KBlank
2025-03-01,A-1,A,Customer 1,100,KBlank
2025-03-01,A-2,A,Customer 2,50,KBlank
2025-03-01,B-1,B,Customer 1,40,KBlank
2025-04-01,A-1,A,Customer 1,100,KBlank
2025-04-01,A-2,A,Customer 2,50,KBlank
2025-04-01,B-1,B,Customer 1,40,KBlank
2025-05-01,A-1,A,Customer 1,100,KBlank
2025-05-01,A-2,A,Customer 2,50,KBlank
2025-05-01,B-1,B,Customer 1,40,KBlank
2025-06-01,A-1,A,Customer 1,100,KBlank
2025-06-01,A-2,A,Customer 2,50,KBlank
2025-06-01,B-1,B,Customer 1,40,KBlank
2025-07-01,A-1,A,Customer 1,100,KBlank
2025-07-01,A-2,A,Customer 2,50,KBlank
2025-07-01,B-1,B,Customer 1,40,KBlank
2025-08-01,A-1,A,Customer 1,100,KBlank
2025-08-01,A-2,A,Customer 2,50,KBlank
2025-08-01,B-1,B,Customer 1,40,KBlank
2025-09-01,A-1,A,Customer 1,100,KBlank
2025-09-01,A-2,A,Customer 2,50,KBlank
2025-09-01,B-1,B,Customer 1,40,KBlank
2025-10-01,A-1,A,Customer 1,100,KBlank
2025-10-01,A-2,A,Customer 2,50,KBlank
2025-10-01,B-1,B,Customer 1,40,KBlank
2025-11-01,A-1,A,Customer 1,100,KBlank
2025-11-01,A-2,A,Customer 2,50,KBlank
2025-11-01,B-1,B,Customer 1,40,KBlank
2025-12-01,A-1,A,Customer 1,100,KBlank
2025-12-01,A-2,A,Customer 2,50,KBlank
2025-12-01,B-1,B,Customer 1,40,KBlank
2026-01-01,A-1,A,Customer 1,100,KBlank
2026-01-01,A-2,A,Customer 2,50,KBlank
2026-01-01,B-1,B,Customer 1,40,KBlank
2026-02-01,A-1,A,Customer 1,100,KBlank
2026-02-01,A-2,A,Customer 2,50,KBlank
2026-02-01,B-1,B,Customer 1,40,KBlank
2026-03-01,A-1,A,Customer 1,100,KBlank
2026-03-01,A-2,A,Customer 2,50,KBlank
2026-03-01,B-1,B,Customer 1,40,KBlank
2026-04-01,A-1,A,Customer 1,100,KBlank
2026-04-01,A-2,A,Customer 2,50,KBlank
2026-04-01,B-1,B,Customer 1,40,KBlank
2026-05-01,A-1,A,Customer 1,100,KBlank
2026-05-01,A-2,A,Customer 2,50,KBlank
2026-05-01,B-1,B,Customer 1,40,KBlank
2026-06-01,A-1,A,Customer 1,100,KBlank
2026-06-01,A-2,A,Customer 2,50,KBlank
2026-06-01,B-1,B,Customer 1,40,KBlank
2026-07-01,A-1,A,Customer 1,100,KBlank
2026-07-01,A-2,A,Customer 2,50,KBlank
2026-07-01,B-1,B,Customer 1,40,KBlank
2026-08-01,A-1,A,Customer 1,100,KBlank
2026-08-01,A-2,A,Customer 2,50,KBlank
2026-08-01,B-1,B,Customer 1,40,KBlank
